"Priority","LegacyID","TargetCertifiedID","Reason","Owner","State"
"1","LEG-001","K-LEGACY-RC-KC07-K1-B01-P01","Legacy asset requires certified metadata brief QA and sign-off before reuse","Legacy Migration Lead","OPEN"
"2","LEG-002","K-LEGACY-RC-KC07-K1-B01-P02","Legacy asset requires certified metadata brief QA and sign-off before reuse","Legacy Migration Lead","OPEN"
"3","LEG-003","K-LEGACY-RC-KC07-K1-B01-P03","Legacy asset requires certified metadata brief QA and sign-off before reuse","Legacy Migration Lead","OPEN"
"4","LEG-004","K-LEGACY-RC-KC07-K1-B01-P04","Legacy asset requires certified metadata brief QA and sign-off before reuse","Legacy Migration Lead","OPEN"
"5","LEG-005","K-LEGACY-RC-KC07-K1-B01-P05","Legacy asset requires certified metadata brief QA and sign-off before reuse","Legacy Migration Lead","OPEN"
"6","LEG-006","K-LEGACY-RC-KC07-K1-B01-P06","Legacy asset requires certified metadata brief QA and sign-off before reuse","Legacy Migration Lead","OPEN"
"7","LEG-007","K-LEGACY-RC-KC07-K1-B01-P07","Legacy asset requires certified metadata brief QA and sign-off before reuse","Legacy Migration Lead","OPEN"
"8","LEG-008","K-LEGACY-RC-KC07-K1-B01-P08","Legacy asset requires certified metadata brief QA and sign-off before reuse","Legacy Migration Lead","OPEN"
"9","LEG-009","K-LEGACY-RC-KC01-K1-B01-P09","Legacy asset requires certified metadata brief QA and sign-off before reuse","Legacy Migration Lead","OPEN"
"10","LEG-010","K-LEGACY-RC-KC01-K1-B01-P10","Legacy asset requires certified metadata brief QA and sign-off before reuse","Legacy Migration Lead","OPEN"
"11","LEG-011","K-LEGACY-RC-KC01-K1-B01-P11","Legacy asset requires certified metadata brief QA and sign-off before reuse","Legacy Migration Lead","OPEN"
"12","LEG-012","K-LEGACY-RC-KC01-K1-B01-P12","Legacy asset requires certified metadata brief QA and sign-off before reuse","Legacy Migration Lead","OPEN"
"13","LEG-013","K-LEGACY-RC-KC01-K1-B01-P13","Legacy asset requires certified metadata brief QA and sign-off before reuse","Legacy Migration Lead","OPEN"
"14","LEG-014","K-LEGACY-RC-KC01-K1-B01-P14","Legacy asset requires certified metadata brief QA and sign-off before reuse","Legacy Migration Lead","OPEN"
"15","LEG-015","K-LEGACY-RC-KC01-K1-B01-P15","Legacy asset requires certified metadata brief QA and sign-off before reuse","Legacy Migration Lead","OPEN"
"16","LEG-016","K-LEGACY-RC-KC01-K1-B01-P16","Legacy asset requires certified metadata brief QA and sign-off before reuse","Legacy Migration Lead","OPEN"
"17","LEG-017","K-LEGACY-RC-KC01-K1-B01-P17","Legacy asset requires certified metadata brief QA and sign-off before reuse","Legacy Migration Lead","OPEN"
"18","LEG-018","K-LEGACY-RC-KC01-K1-B01-P18","Legacy asset requires certified metadata brief QA and sign-off before reuse","Legacy Migration Lead","OPEN"
"19","LEG-019","K-LEGACY-RC-KC01-K1-B01-P19","Legacy asset requires certified metadata brief QA and sign-off before reuse","Legacy Migration Lead","OPEN"
"20","LEG-020","K-LEGACY-RC-KC01-K1-B01-P20","Legacy asset requires certified metadata brief QA and sign-off before reuse","Legacy Migration Lead","OPEN"
"21","LEG-021","K-LEGACY-RC-KC01-K1-B01-P21","Legacy asset requires certified metadata brief QA and sign-off before reuse","Legacy Migration Lead","OPEN"
"22","LEG-022","K-LEGACY-RC-KC01-K1-B01-P22","Legacy asset requires certified metadata brief QA and sign-off before reuse","Legacy Migration Lead","OPEN"
"23","LEG-023","K-LEGACY-RC-KC01-K1-B01-P23","Legacy asset requires certified metadata brief QA and sign-off before reuse","Legacy Migration Lead","OPEN"
"24","LEG-024","K-LEGACY-RC-KC01-K1-B01-P24","Legacy asset requires certified metadata brief QA and sign-off before reuse","Legacy Migration Lead","OPEN"
"25","LEG-025","K-LEGACY-RC-KC01-K1-B01-P25","Legacy asset requires certified metadata brief QA and sign-off before reuse","Legacy Migration Lead","OPEN"
"26","LEG-026","K-LEGACY-RC-KC01-K1-B01-P26","Legacy asset requires certified metadata brief QA and sign-off before reuse","Legacy Migration Lead","OPEN"
"27","LEG-027","K-LEGACY-RC-KC01-K1-B01-P27","Legacy asset requires certified metadata brief QA and sign-off before reuse","Legacy Migration Lead","OPEN"
"28","LEG-028","K-LEGACY-RC-KC01-K1-B01-P28","Legacy asset requires certified metadata brief QA and sign-off before reuse","Legacy Migration Lead","OPEN"
"29","LEG-029","K-LEGACY-RC-KC01-K1-B01-P29","Legacy asset requires certified metadata brief QA and sign-off before reuse","Legacy Migration Lead","OPEN"
"30","LEG-030","K-LEGACY-RC-KC01-K1-B01-P30","Legacy asset requires certified metadata brief QA and sign-off before reuse","Legacy Migration Lead","OPEN"
"31","LEG-031","K-LEGACY-RC-KC01-K1-B01-P31","Legacy asset requires certified metadata brief QA and sign-off before reuse","Legacy Migration Lead","OPEN"
"32","LEG-032","K-LEGACY-RC-KC01-K1-B01-P32","Legacy asset requires certified metadata brief QA and sign-off before reuse","Legacy Migration Lead","OPEN"
"33","LEG-033","K-LEGACY-RC-KC01-K1-B01-P33","Legacy asset requires certified metadata brief QA and sign-off before reuse","Legacy Migration Lead","OPEN"
"34","LEG-034","K-LEGACY-RC-KC01-K1-B01-P34","Legacy asset requires certified metadata brief QA and sign-off before reuse","Legacy Migration Lead","OPEN"
"35","LEG-035","K-LEGACY-RC-KC01-K1-B01-P35","Legacy asset requires certified metadata brief QA and sign-off before reuse","Legacy Migration Lead","OPEN"
"36","LEG-036","K-LEGACY-RC-KC01-K1-B01-P36","Legacy asset requires certified metadata brief QA and sign-off before reuse","Legacy Migration Lead","OPEN"
"37","LEG-037","K-LEGACY-RC-KC01-K1-B01-P37","Legacy asset requires certified metadata brief QA and sign-off before reuse","Legacy Migration Lead","OPEN"
"38","LEG-038","K-LEGACY-RC-KC01-K1-B01-P38","Legacy asset requires certified metadata brief QA and sign-off before reuse","Legacy Migration Lead","OPEN"
"39","LEG-039","K-LEGACY-RC-KC01-K1-B01-P39","Legacy asset requires certified metadata brief QA and sign-off before reuse","Legacy Migration Lead","OPEN"
"40","LEG-040","K-LEGACY-RC-KC01-K1-B01-P40","Legacy asset requires certified metadata brief QA and sign-off before reuse","Legacy Migration Lead","OPEN"
"41","LEG-041","K-LEGACY-RC-KC01-K1-B01-P41","Legacy asset requires certified metadata brief QA and sign-off before reuse","Legacy Migration Lead","OPEN"
"42","LEG-042","K-LEGACY-RC-KC01-K1-B01-P42","Legacy asset requires certified metadata brief QA and sign-off before reuse","Legacy Migration Lead","OPEN"
"43","LEG-043","K-LEGACY-RC-KC01-K1-B01-P43","Legacy asset requires certified metadata brief QA and sign-off before reuse","Legacy Migration Lead","OPEN"
"44","LEG-044","K-LEGACY-RC-KC01-K1-B01-P44","Legacy asset requires certified metadata brief QA and sign-off before reuse","Legacy Migration Lead","OPEN"
"45","LEG-045","K-LEGACY-RC-KC01-K1-B01-P45","Legacy asset requires certified metadata brief QA and sign-off before reuse","Legacy Migration Lead","OPEN"
"46","LEG-046","K-LEGACY-RC-KC01-K1-B01-P46","Legacy asset requires certified metadata brief QA and sign-off before reuse","Legacy Migration Lead","OPEN"
"47","LEG-047","K-LEGACY-RC-KC01-K1-B01-P47","Legacy asset requires certified metadata brief QA and sign-off before reuse","Legacy Migration Lead","OPEN"
"48","LEG-048","K-LEGACY-RC-KC01-K1-B01-P48","Legacy asset requires certified metadata brief QA and sign-off before reuse","Legacy Migration Lead","OPEN"
"49","LEG-049","K-LEGACY-RC-KC01-K1-B01-P49","Legacy asset requires certified metadata brief QA and sign-off before reuse","Legacy Migration Lead","OPEN"
"50","LEG-050","K-LEGACY-RC-KC01-K1-B01-P50","Legacy asset requires certified metadata brief QA and sign-off before reuse","Legacy Migration Lead","OPEN"
"51","LEG-051","K-LEGACY-RC-KC01-K1-B01-P51","Legacy asset requires certified metadata brief QA and sign-off before reuse","Legacy Migration Lead","OPEN"
"52","LEG-052","K-LEGACY-RC-KC01-K1-B01-P52","Legacy asset requires certified metadata brief QA and sign-off before reuse","Legacy Migration Lead","OPEN"
"53","LEG-053","K-LEGACY-RC-KC01-K1-B01-P53","Legacy asset requires certified metadata brief QA and sign-off before reuse","Legacy Migration Lead","OPEN"
"54","LEG-054","K-LEGACY-RC-KC01-K1-B01-P54","Legacy asset requires certified metadata brief QA and sign-off before reuse","Legacy Migration Lead","OPEN"
"55","LEG-055","K-LEGACY-RC-KC01-K1-B01-P55","Legacy asset requires certified metadata brief QA and sign-off before reuse","Legacy Migration Lead","OPEN"
"56","LEG-056","K-LEGACY-RC-KC01-K1-B01-P56","Legacy asset requires certified metadata brief QA and sign-off before reuse","Legacy Migration Lead","OPEN"
"57","LEG-057","K-LEGACY-RC-KC01-K1-B01-P57","Legacy asset requires certified metadata brief QA and sign-off before reuse","Legacy Migration Lead","OPEN"
"58","LEG-058","K-LEGACY-RC-KC01-K1-B01-P58","Legacy asset requires certified metadata brief QA and sign-off before reuse","Legacy Migration Lead","OPEN"
"59","LEG-059","K-LEGACY-RC-KC01-K1-B01-P59","Legacy asset requires certified metadata brief QA and sign-off before reuse","Legacy Migration Lead","OPEN"
"60","LEG-060","K-LEGACY-RC-KC01-K1-B01-P60","Legacy asset requires certified metadata brief QA and sign-off before reuse","Legacy Migration Lead","OPEN"
"61","LEG-061","K-LEGACY-RC-KC01-K1-B01-P61","Legacy asset requires certified metadata brief QA and sign-off before reuse","Legacy Migration Lead","OPEN"
"62","LEG-062","K-LEGACY-RC-KC01-K1-B01-P62","Legacy asset requires certified metadata brief QA and sign-off before reuse","Legacy Migration Lead","OPEN"
"63","LEG-063","K-LEGACY-RC-KC01-K1-B01-P63","Legacy asset requires certified metadata brief QA and sign-off before reuse","Legacy Migration Lead","OPEN"
"64","LEG-064","K-LEGACY-RC-KC01-K1-B01-P64","Legacy asset requires certified metadata brief QA and sign-off before reuse","Legacy Migration Lead","OPEN"
"65","LEG-065","K-LEGACY-RC-KC01-K1-B01-P65","Legacy asset requires certified metadata brief QA and sign-off before reuse","Legacy Migration Lead","OPEN"
"66","LEG-066","K-LEGACY-RC-KC01-K1-B01-P66","Legacy asset requires certified metadata brief QA and sign-off before reuse","Legacy Migration Lead","OPEN"
"67","LEG-067","K-LEGACY-RC-KC01-K1-B01-P67","Legacy asset requires certified metadata brief QA and sign-off before reuse","Legacy Migration Lead","OPEN"
"68","LEG-068","K-LEGACY-RC-KC01-K1-B01-P68","Legacy asset requires certified metadata brief QA and sign-off before reuse","Legacy Migration Lead","OPEN"
"69","LEG-069","K-LEGACY-RC-KC07-K1-B01-P69","Legacy asset requires certified metadata brief QA and sign-off before reuse","Legacy Migration Lead","OPEN"
"70","LEG-070","K-LEGACY-RC-KC07-K1-B01-P70","Legacy asset requires certified metadata brief QA and sign-off before reuse","Legacy Migration Lead","OPEN"
"71","LEG-071","K-LEGACY-RC-KC01-K1-B01-P71","Legacy asset requires certified metadata brief QA and sign-off before reuse","Legacy Migration Lead","OPEN"
"72","LEG-072","K-LEGACY-RC-KC01-K1-B01-P72","Legacy asset requires certified metadata brief QA and sign-off before reuse","Legacy Migration Lead","OPEN"
"73","LEG-073","K-LEGACY-RC-KC01-K1-B01-P73","Legacy asset requires certified metadata brief QA and sign-off before reuse","Legacy Migration Lead","OPEN"
"74","LEG-074","K-LEGACY-RC-KC01-K1-B01-P74","Legacy asset requires certified metadata brief QA and sign-off before reuse","Legacy Migration Lead","OPEN"
"75","LEG-075","K-LEGACY-RC-KC01-K1-B01-P75","Legacy asset requires certified metadata brief QA and sign-off before reuse","Legacy Migration Lead","OPEN"
"76","LEG-076","K-LEGACY-RC-KC01-K1-B01-P76","Legacy asset requires certified metadata brief QA and sign-off before reuse","Legacy Migration Lead","OPEN"
"77","LEG-077","K-LEGACY-RC-KC01-K1-B01-P77","Legacy asset requires certified metadata brief QA and sign-off before reuse","Legacy Migration Lead","OPEN"
"78","LEG-078","K-LEGACY-RC-KC01-K1-B01-P78","Legacy asset requires certified metadata brief QA and sign-off before reuse","Legacy Migration Lead","OPEN"
"79","LEG-079","K-LEGACY-RC-KC01-K1-B01-P79","Legacy asset requires certified metadata brief QA and sign-off before reuse","Legacy Migration Lead","OPEN"
"80","LEG-080","K-LEGACY-RC-KC01-K1-B01-P80","Legacy asset requires certified metadata brief QA and sign-off before reuse","Legacy Migration Lead","OPEN"
"81","LEG-081","K-LEGACY-RC-KC01-K1-B01-P81","Legacy asset requires certified metadata brief QA and sign-off before reuse","Legacy Migration Lead","OPEN"
"82","LEG-082","K-LEGACY-RC-KC01-K1-B01-P82","Legacy asset requires certified metadata brief QA and sign-off before reuse","Legacy Migration Lead","OPEN"
"83","LEG-083","K-LEGACY-RC-KC01-K1-B01-P83","Legacy asset requires certified metadata brief QA and sign-off before reuse","Legacy Migration Lead","OPEN"
"84","LEG-084","K-LEGACY-RC-KC01-K1-B01-P84","Legacy asset requires certified metadata brief QA and sign-off before reuse","Legacy Migration Lead","OPEN"
"85","LEG-085","K-LEGACY-RC-KC01-K1-B01-P85","Legacy asset requires certified metadata brief QA and sign-off before reuse","Legacy Migration Lead","OPEN"
"86","LEG-086","K-LEGACY-RC-KC01-K1-B01-P86","Legacy asset requires certified metadata brief QA and sign-off before reuse","Legacy Migration Lead","OPEN"
"87","LEG-087","K-LEGACY-RC-KC01-K1-B01-P87","Legacy asset requires certified metadata brief QA and sign-off before reuse","Legacy Migration Lead","OPEN"
"88","LEG-088","K-LEGACY-RC-KC01-K1-B01-P88","Legacy asset requires certified metadata brief QA and sign-off before reuse","Legacy Migration Lead","OPEN"
"89","LEG-089","K-LEGACY-RC-KC01-K1-B01-P89","Legacy asset requires certified metadata brief QA and sign-off before reuse","Legacy Migration Lead","OPEN"
"90","LEG-090","K-LEGACY-RC-KC01-K1-B01-P90","Legacy asset requires certified metadata brief QA and sign-off before reuse","Legacy Migration Lead","OPEN"
"91","LEG-091","K-LEGACY-RC-KC07-K1-B01-P91","Legacy asset requires certified metadata brief QA and sign-off before reuse","Legacy Migration Lead","OPEN"
"92","LEG-092","K-LEGACY-RC-KC07-K1-B01-P92","Legacy asset requires certified metadata brief QA and sign-off before reuse","Legacy Migration Lead","OPEN"
"93","LEG-093","K-LEGACY-RC-KC07-K1-B01-P93","Legacy asset requires certified metadata brief QA and sign-off before reuse","Legacy Migration Lead","OPEN"
"94","LEG-094","K-LEGACY-RC-KC07-K1-B01-P94","Legacy asset requires certified metadata brief QA and sign-off before reuse","Legacy Migration Lead","OPEN"
"95","LEG-095","K-LEGACY-RC-KC07-K1-B01-P95","Legacy asset requires certified metadata brief QA and sign-off before reuse","Legacy Migration Lead","OPEN"
"96","LEG-096","K-LEGACY-RC-KC07-K1-B01-P96","Legacy asset requires certified metadata brief QA and sign-off before reuse","Legacy Migration Lead","OPEN"
"97","LEG-097","K-LEGACY-RC-KC07-K1-B01-P97","Legacy asset requires certified metadata brief QA and sign-off before reuse","Legacy Migration Lead","OPEN"
"98","LEG-098","K-LEGACY-RC-KC07-K1-B01-P98","Legacy asset requires certified metadata brief QA and sign-off before reuse","Legacy Migration Lead","OPEN"
"99","LEG-099","K-LEGACY-RC-KC01-K1-B01-P99","Legacy asset requires certified metadata brief QA and sign-off before reuse","Legacy Migration Lead","OPEN"
"100","LEG-100","K-LEGACY-RC-KC01-K1-B01-P100","Legacy asset requires certified metadata brief QA and sign-off before reuse","Legacy Migration Lead","OPEN"
"101","LEG-101","K-LEGACY-RC-KC01-K1-B01-P101","Legacy asset requires certified metadata brief QA and sign-off before reuse","Legacy Migration Lead","OPEN"
"102","LEG-102","K-LEGACY-RC-KC01-K1-B01-P102","Legacy asset requires certified metadata brief QA and sign-off before reuse","Legacy Migration Lead","OPEN"
"103","LEG-103","K-LEGACY-RC-KC01-K1-B01-P103","Legacy asset requires certified metadata brief QA and sign-off before reuse","Legacy Migration Lead","OPEN"
"104","LEG-104","K-LEGACY-RC-KC01-K1-B01-P104","Legacy asset requires certified metadata brief QA and sign-off before reuse","Legacy Migration Lead","OPEN"
"105","LEG-105","K-LEGACY-RC-KC01-K1-B01-P105","Legacy asset requires certified metadata brief QA and sign-off before reuse","Legacy Migration Lead","OPEN"
"106","LEG-106","K-LEGACY-RC-KC01-K1-B01-P106","Legacy asset requires certified metadata brief QA and sign-off before reuse","Legacy Migration Lead","OPEN"
"107","LEG-107","K-LEGACY-RC-KC01-K1-B01-P107","Legacy asset requires certified metadata brief QA and sign-off before reuse","Legacy Migration Lead","OPEN"
"108","LEG-108","K-LEGACY-RC-KC01-K1-B01-P108","Legacy asset requires certified metadata brief QA and sign-off before reuse","Legacy Migration Lead","OPEN"
"109","LEG-109","K-LEGACY-RC-KC01-K1-B01-P109","Legacy asset requires certified metadata brief QA and sign-off before reuse","Legacy Migration Lead","OPEN"
"110","LEG-110","K-LEGACY-RC-KC01-K1-B01-P110","Legacy asset requires certified metadata brief QA and sign-off before reuse","Legacy Migration Lead","OPEN"
"111","LEG-111","K-LEGACY-RC-KC01-K1-B01-P111","Legacy asset requires certified metadata brief QA and sign-off before reuse","Legacy Migration Lead","OPEN"
"112","LEG-112","K-LEGACY-RC-KC01-K1-B01-P112","Legacy asset requires certified metadata brief QA and sign-off before reuse","Legacy Migration Lead","OPEN"
"113","LEG-113","K-LEGACY-RC-KC01-K1-B01-P113","Legacy asset requires certified metadata brief QA and sign-off before reuse","Legacy Migration Lead","OPEN"
"114","LEG-114","K-LEGACY-RC-KC01-K1-B01-P114","Legacy asset requires certified metadata brief QA and sign-off before reuse","Legacy Migration Lead","OPEN"
"115","LEG-115","K-LEGACY-RC-KC01-K1-B01-P115","Legacy asset requires certified metadata brief QA and sign-off before reuse","Legacy Migration Lead","OPEN"
"116","LEG-116","K-LEGACY-RC-KC01-K1-B01-P116","Legacy asset requires certified metadata brief QA and sign-off before reuse","Legacy Migration Lead","OPEN"
"117","LEG-117","K-LEGACY-RC-KC01-K1-B01-P117","Legacy asset requires certified metadata brief QA and sign-off before reuse","Legacy Migration Lead","OPEN"
"118","LEG-118","K-LEGACY-RC-KC01-K1-B01-P118","Legacy asset requires certified metadata brief QA and sign-off before reuse","Legacy Migration Lead","OPEN"
"119","LEG-119","K-LEGACY-RC-KC01-K1-B01-P119","Legacy asset requires certified metadata brief QA and sign-off before reuse","Legacy Migration Lead","OPEN"
"120","LEG-120","K-LEGACY-RC-KC01-K1-B01-P120","Legacy asset requires certified metadata brief QA and sign-off before reuse","Legacy Migration Lead","OPEN"
"121","LEG-121","K-LEGACY-RC-KC01-K1-B01-P121","Legacy asset requires certified metadata brief QA and sign-off before reuse","Legacy Migration Lead","OPEN"
"122","LEG-122","K-LEGACY-RC-KC01-K1-B01-P122","Legacy asset requires certified metadata brief QA and sign-off before reuse","Legacy Migration Lead","OPEN"
"123","LEG-123","K-LEGACY-RC-KC01-K1-B01-P123","Legacy asset requires certified metadata brief QA and sign-off before reuse","Legacy Migration Lead","OPEN"
"124","LEG-124","K-LEGACY-RC-KC01-K1-B01-P124","Legacy asset requires certified metadata brief QA and sign-off before reuse","Legacy Migration Lead","OPEN"
"125","LEG-125","K-LEGACY-RC-KC01-K1-B01-P125","Legacy asset requires certified metadata brief QA and sign-off before reuse","Legacy Migration Lead","OPEN"
"126","LEG-126","K-LEGACY-RC-KC01-K1-B01-P126","Legacy asset requires certified metadata brief QA and sign-off before reuse","Legacy Migration Lead","OPEN"
"127","LEG-127","K-LEGACY-RC-KC01-K1-B01-P127","Legacy asset requires certified metadata brief QA and sign-off before reuse","Legacy Migration Lead","OPEN"
"128","LEG-128","K-LEGACY-RC-KC01-K1-B01-P128","Legacy asset requires certified metadata brief QA and sign-off before reuse","Legacy Migration Lead","OPEN"
"129","LEG-129","K-LEGACY-RC-KC01-K1-B01-P129","Legacy asset requires certified metadata brief QA and sign-off before reuse","Legacy Migration Lead","OPEN"
"130","LEG-130","K-LEGACY-RC-KC01-K1-B01-P130","Legacy asset requires certified metadata brief QA and sign-off before reuse","Legacy Migration Lead","OPEN"
"131","LEG-131","K-LEGACY-RC-KC01-K1-B01-P131","Legacy asset requires certified metadata brief QA and sign-off before reuse","Legacy Migration Lead","OPEN"
"132","LEG-132","K-LEGACY-RC-KC01-K1-B01-P132","Legacy asset requires certified metadata brief QA and sign-off before reuse","Legacy Migration Lead","OPEN"
"133","LEG-133","K-LEGACY-RC-KC01-K1-B01-P133","Legacy asset requires certified metadata brief QA and sign-off before reuse","Legacy Migration Lead","OPEN"
"134","LEG-134","K-LEGACY-RC-KC01-K1-B01-P134","Legacy asset requires certified metadata brief QA and sign-off before reuse","Legacy Migration Lead","OPEN"
"135","LEG-135","K-LEGACY-RC-KC01-K1-B01-P135","Legacy asset requires certified metadata brief QA and sign-off before reuse","Legacy Migration Lead","OPEN"
"136","LEG-136","K-LEGACY-RC-KC01-K1-B01-P136","Legacy asset requires certified metadata brief QA and sign-off before reuse","Legacy Migration Lead","OPEN"
"137","LEG-137","K-LEGACY-RC-KC01-K1-B01-P137","Legacy asset requires certified metadata brief QA and sign-off before reuse","Legacy Migration Lead","OPEN"
"138","LEG-138","K-LEGACY-RC-KC01-K1-B01-P138","Legacy asset requires certified metadata brief QA and sign-off before reuse","Legacy Migration Lead","OPEN"
"139","LEG-139","K-LEGACY-RC-KC01-K1-B01-P139","Legacy asset requires certified metadata brief QA and sign-off before reuse","Legacy Migration Lead","OPEN"
"140","LEG-140","K-LEGACY-RC-KC01-K1-B01-P140","Legacy asset requires certified metadata brief QA and sign-off before reuse","Legacy Migration Lead","OPEN"
"141","LEG-141","K-LEGACY-RC-KC01-K1-B01-P141","Legacy asset requires certified metadata brief QA and sign-off before reuse","Legacy Migration Lead","OPEN"
"142","LEG-142","K-LEGACY-RC-KC01-K1-B01-P142","Legacy asset requires certified metadata brief QA and sign-off before reuse","Legacy Migration Lead","OPEN"
"143","LEG-143","K-LEGACY-RC-KC01-K1-B01-P143","Legacy asset requires certified metadata brief QA and sign-off before reuse","Legacy Migration Lead","OPEN"
"144","LEG-144","K-LEGACY-RC-KC01-K1-B01-P144","Legacy asset requires certified metadata brief QA and sign-off before reuse","Legacy Migration Lead","OPEN"
"145","LEG-145","K-LEGACY-RC-KC01-K1-B01-P145","Legacy asset requires certified metadata brief QA and sign-off before reuse","Legacy Migration Lead","OPEN"
"146","LEG-146","K-LEGACY-RC-KC01-K1-B01-P146","Legacy asset requires certified metadata brief QA and sign-off before reuse","Legacy Migration Lead","OPEN"
"147","LEG-147","K-LEGACY-RC-KC01-K1-B01-P147","Legacy asset requires certified metadata brief QA and sign-off before reuse","Legacy Migration Lead","OPEN"
"148","LEG-148","K-LEGACY-RC-KC01-K1-B01-P148","Legacy asset requires certified metadata brief QA and sign-off before reuse","Legacy Migration Lead","OPEN"
"149","LEG-149","K-LEGACY-RC-KC01-K1-B01-P149","Legacy asset requires certified metadata brief QA and sign-off before reuse","Legacy Migration Lead","OPEN"
"150","LEG-150","K-LEGACY-RC-KC01-K1-B01-P150","Legacy asset requires certified metadata brief QA and sign-off before reuse","Legacy Migration Lead","OPEN"
"151","LEG-151","K-LEGACY-RC-KC01-K1-B01-P151","Legacy asset requires certified metadata brief QA and sign-off before reuse","Legacy Migration Lead","OPEN"
"152","LEG-152","K-LEGACY-RC-KC01-K1-B01-P152","Legacy asset requires certified metadata brief QA and sign-off before reuse","Legacy Migration Lead","OPEN"
"153","LEG-153","K-LEGACY-RC-KC01-K1-B01-P153","Legacy asset requires certified metadata brief QA and sign-off before reuse","Legacy Migration Lead","OPEN"
"154","LEG-154","K-LEGACY-RC-KC01-K1-B01-P154","Legacy asset requires certified metadata brief QA and sign-off before reuse","Legacy Migration Lead","OPEN"
"155","LEG-155","K-LEGACY-RC-KC01-K1-B01-P155","Legacy asset requires certified metadata brief QA and sign-off before reuse","Legacy Migration Lead","OPEN"
"156","LEG-156","K-LEGACY-RC-KC01-K1-B01-P156","Legacy asset requires certified metadata brief QA and sign-off before reuse","Legacy Migration Lead","OPEN"
"157","LEG-157","K-LEGACY-RC-KC01-K1-B01-P157","Legacy asset requires certified metadata brief QA and sign-off before reuse","Legacy Migration Lead","OPEN"
"158","LEG-158","K-LEGACY-RC-KC01-K1-B01-P158","Legacy asset requires certified metadata brief QA and sign-off before reuse","Legacy Migration Lead","OPEN"
"159","LEG-159","K-LEGACY-RC-KC07-K1-B01-P159","Legacy asset requires certified metadata brief QA and sign-off before reuse","Legacy Migration Lead","OPEN"
"160","LEG-160","K-LEGACY-RC-KC07-K1-B01-P160","Legacy asset requires certified metadata brief QA and sign-off before reuse","Legacy Migration Lead","OPEN"
"161","LEG-161","K-LEGACY-RC-KC01-K1-B01-P161","Legacy asset requires certified metadata brief QA and sign-off before reuse","Legacy Migration Lead","OPEN"
"162","LEG-162","K-LEGACY-RC-KC01-K1-B01-P162","Legacy asset requires certified metadata brief QA and sign-off before reuse","Legacy Migration Lead","OPEN"
"163","LEG-163","K-LEGACY-RC-KC01-K1-B01-P163","Legacy asset requires certified metadata brief QA and sign-off before reuse","Legacy Migration Lead","OPEN"
"164","LEG-164","K-LEGACY-RC-KC01-K1-B01-P164","Legacy asset requires certified metadata brief QA and sign-off before reuse","Legacy Migration Lead","OPEN"
"165","LEG-165","K-LEGACY-RC-KC01-K1-B01-P165","Legacy asset requires certified metadata brief QA and sign-off before reuse","Legacy Migration Lead","OPEN"
"166","LEG-166","K-LEGACY-RC-KC01-K1-B01-P166","Legacy asset requires certified metadata brief QA and sign-off before reuse","Legacy Migration Lead","OPEN"
"167","LEG-167","K-LEGACY-RC-KC01-K1-B01-P167","Legacy asset requires certified metadata brief QA and sign-off before reuse","Legacy Migration Lead","OPEN"
"168","LEG-168","K-LEGACY-RC-KC01-K1-B01-P168","Legacy asset requires certified metadata brief QA and sign-off before reuse","Legacy Migration Lead","OPEN"
"169","LEG-169","K-LEGACY-RC-KC01-K1-B01-P169","Legacy asset requires certified metadata brief QA and sign-off before reuse","Legacy Migration Lead","OPEN"
"170","LEG-170","K-LEGACY-RC-KC01-K1-B01-P170","Legacy asset requires certified metadata brief QA and sign-off before reuse","Legacy Migration Lead","OPEN"
"171","LEG-171","K-LEGACY-RC-KC01-K1-B01-P171","Legacy asset requires certified metadata brief QA and sign-off before reuse","Legacy Migration Lead","OPEN"
"172","LEG-172","K-LEGACY-RC-KC01-K1-B01-P172","Legacy asset requires certified metadata brief QA and sign-off before reuse","Legacy Migration Lead","OPEN"
"173","LEG-173","K-LEGACY-RC-KC01-K1-B01-P173","Legacy asset requires certified metadata brief QA and sign-off before reuse","Legacy Migration Lead","OPEN"
"174","LEG-174","K-LEGACY-RC-KC01-K1-B01-P174","Legacy asset requires certified metadata brief QA and sign-off before reuse","Legacy Migration Lead","OPEN"
"175","LEG-175","K-LEGACY-RC-KC01-K1-B01-P175","Legacy asset requires certified metadata brief QA and sign-off before reuse","Legacy Migration Lead","OPEN"
"176","LEG-176","K-LEGACY-RC-KC01-K1-B01-P176","Legacy asset requires certified metadata brief QA and sign-off before reuse","Legacy Migration Lead","OPEN"
"177","LEG-177","K-LEGACY-RC-KC01-K1-B01-P177","Legacy asset requires certified metadata brief QA and sign-off before reuse","Legacy Migration Lead","OPEN"
"178","LEG-178","K-LEGACY-RC-KC07-K1-B01-P178","Legacy asset requires certified metadata brief QA and sign-off before reuse","Legacy Migration Lead","OPEN"
"179","LEG-179","K-LEGACY-RC-KC07-K1-B01-P179","Legacy asset requires certified metadata brief QA and sign-off before reuse","Legacy Migration Lead","OPEN"
"180","LEG-180","K-LEGACY-RC-KC01-K1-B01-P180","Legacy asset requires certified metadata brief QA and sign-off before reuse","Legacy Migration Lead","OPEN"
"181","LEG-181","K-LEGACY-RC-KC01-K1-B01-P181","Legacy asset requires certified metadata brief QA and sign-off before reuse","Legacy Migration Lead","OPEN"
"182","LEG-182","K-LEGACY-RC-KC01-K1-B01-P182","Legacy asset requires certified metadata brief QA and sign-off before reuse","Legacy Migration Lead","OPEN"
"183","LEG-183","K-LEGACY-RC-KC01-K1-B01-P183","Legacy asset requires certified metadata brief QA and sign-off before reuse","Legacy Migration Lead","OPEN"
"184","LEG-184","K-LEGACY-RC-KC01-K1-B01-P184","Legacy asset requires certified metadata brief QA and sign-off before reuse","Legacy Migration Lead","OPEN"
"185","LEG-185","K-LEGACY-RC-KC01-K1-B01-P185","Legacy asset requires certified metadata brief QA and sign-off before reuse","Legacy Migration Lead","OPEN"
"186","LEG-186","K-LEGACY-RC-KC01-K1-B01-P186","Legacy asset requires certified metadata brief QA and sign-off before reuse","Legacy Migration Lead","OPEN"
"187","LEG-187","K-LEGACY-RC-KC01-K1-B01-P187","Legacy asset requires certified metadata brief QA and sign-off before reuse","Legacy Migration Lead","OPEN"
"188","LEG-188","K-LEGACY-RC-KC01-K1-B01-P188","Legacy asset requires certified metadata brief QA and sign-off before reuse","Legacy Migration Lead","OPEN"
"189","LEG-189","K-LEGACY-RC-KC01-K1-B01-P189","Legacy asset requires certified metadata brief QA and sign-off before reuse","Legacy Migration Lead","OPEN"
"190","LEG-190","K-LEGACY-RC-KC01-K1-B01-P190","Legacy asset requires certified metadata brief QA and sign-off before reuse","Legacy Migration Lead","OPEN"
"191","LEG-191","K-LEGACY-RC-KC01-K1-B01-P191","Legacy asset requires certified metadata brief QA and sign-off before reuse","Legacy Migration Lead","OPEN"
"192","LEG-192","K-LEGACY-RC-KC01-K1-B01-P192","Legacy asset requires certified metadata brief QA and sign-off before reuse","Legacy Migration Lead","OPEN"
"193","LEG-193","K-LEGACY-RC-KC01-K1-B01-P193","Legacy asset requires certified metadata brief QA and sign-off before reuse","Legacy Migration Lead","OPEN"
"194","LEG-194","K-LEGACY-RC-KC01-K1-B01-P194","Legacy asset requires certified metadata brief QA and sign-off before reuse","Legacy Migration Lead","OPEN"
"195","LEG-195","K-LEGACY-RC-KC01-K1-B01-P195","Legacy asset requires certified metadata brief QA and sign-off before reuse","Legacy Migration Lead","OPEN"
"196","LEG-196","K-LEGACY-RC-KC07-K1-B01-P196","Legacy asset requires certified metadata brief QA and sign-off before reuse","Legacy Migration Lead","OPEN"
"197","LEG-197","K-LEGACY-RC-KC07-K1-B01-P197","Legacy asset requires certified metadata brief QA and sign-off before reuse","Legacy Migration Lead","OPEN"
"198","LEG-198","K-LEGACY-RC-KC01-K1-B01-P198","Legacy asset requires certified metadata brief QA and sign-off before reuse","Legacy Migration Lead","OPEN"
"199","LEG-199","K-LEGACY-RC-KC01-K1-B01-P199","Legacy asset requires certified metadata brief QA and sign-off before reuse","Legacy Migration Lead","OPEN"
"200","LEG-200","K-LEGACY-RC-KC01-K1-B01-P200","Legacy asset requires certified metadata brief QA and sign-off before reuse","Legacy Migration Lead","OPEN"
"201","LEG-201","K-LEGACY-RC-KC01-K1-B01-P201","Legacy asset requires certified metadata brief QA and sign-off before reuse","Legacy Migration Lead","OPEN"
"202","LEG-202","K-LEGACY-RC-KC01-K1-B01-P202","Legacy asset requires certified metadata brief QA and sign-off before reuse","Legacy Migration Lead","OPEN"
"203","LEG-203","K-LEGACY-RC-KC01-K1-B01-P203","Legacy asset requires certified metadata brief QA and sign-off before reuse","Legacy Migration Lead","OPEN"
"204","LEG-204","K-LEGACY-RC-KC01-K1-B01-P204","Legacy asset requires certified metadata brief QA and sign-off before reuse","Legacy Migration Lead","OPEN"
"205","LEG-205","K-LEGACY-RC-KC01-K1-B01-P205","Legacy asset requires certified metadata brief QA and sign-off before reuse","Legacy Migration Lead","OPEN"
"206","LEG-206","K-LEGACY-RC-KC01-K1-B01-P206","Legacy asset requires certified metadata brief QA and sign-off before reuse","Legacy Migration Lead","OPEN"
"207","LEG-207","K-LEGACY-RC-KC01-K1-B01-P207","Legacy asset requires certified metadata brief QA and sign-off before reuse","Legacy Migration Lead","OPEN"
"208","LEG-208","K-LEGACY-RC-KC01-K1-B01-P208","Legacy asset requires certified metadata brief QA and sign-off before reuse","Legacy Migration Lead","OPEN"
"209","LEG-209","K-LEGACY-RC-KC01-K1-B01-P209","Legacy asset requires certified metadata brief QA and sign-off before reuse","Legacy Migration Lead","OPEN"
"210","LEG-210","K-LEGACY-RC-KC01-K1-B01-P210","Legacy asset requires certified metadata brief QA and sign-off before reuse","Legacy Migration Lead","OPEN"
"211","LEG-211","K-LEGACY-RC-KC01-K1-B01-P211","Legacy asset requires certified metadata brief QA and sign-off before reuse","Legacy Migration Lead","OPEN"
"212","LEG-212","K-LEGACY-RC-KC01-K1-B01-P212","Legacy asset requires certified metadata brief QA and sign-off before reuse","Legacy Migration Lead","OPEN"
"213","LEG-213","K-LEGACY-RC-KC01-K1-B01-P213","Legacy asset requires certified metadata brief QA and sign-off before reuse","Legacy Migration Lead","OPEN"
"214","LEG-214","K-LEGACY-RC-KC01-K1-B01-P214","Legacy asset requires certified metadata brief QA and sign-off before reuse","Legacy Migration Lead","OPEN"
"215","LEG-215","K-LEGACY-RC-KC01-K1-B01-P215","Legacy asset requires certified metadata brief QA and sign-off before reuse","Legacy Migration Lead","OPEN"
"216","LEG-216","K-LEGACY-RC-KC01-K1-B01-P216","Legacy asset requires certified metadata brief QA and sign-off before reuse","Legacy Migration Lead","OPEN"
"217","LEG-217","K-LEGACY-RC-KC01-K1-B01-P217","Legacy asset requires certified metadata brief QA and sign-off before reuse","Legacy Migration Lead","OPEN"
"218","LEG-218","K-LEGACY-RC-KC01-K1-B01-P218","Legacy asset requires certified metadata brief QA and sign-off before reuse","Legacy Migration Lead","OPEN"
"219","LEG-219","K-LEGACY-RC-KC01-K1-B01-P219","Legacy asset requires certified metadata brief QA and sign-off before reuse","Legacy Migration Lead","OPEN"
"220","LEG-220","K-LEGACY-RC-KC01-K1-B01-P220","Legacy asset requires certified metadata brief QA and sign-off before reuse","Legacy Migration Lead","OPEN"
"221","LEG-221","K-LEGACY-RC-KC01-K1-B01-P221","Legacy asset requires certified metadata brief QA and sign-off before reuse","Legacy Migration Lead","OPEN"
"222","LEG-222","K-LEGACY-RC-KC01-K1-B01-P222","Legacy asset requires certified metadata brief QA and sign-off before reuse","Legacy Migration Lead","OPEN"
"223","LEG-223","K-LEGACY-RC-KC01-K1-B01-P223","Legacy asset requires certified metadata brief QA and sign-off before reuse","Legacy Migration Lead","OPEN"
"224","LEG-224","K-LEGACY-RC-KC01-K1-B01-P224","Legacy asset requires certified metadata brief QA and sign-off before reuse","Legacy Migration Lead","OPEN"
"225","LEG-225","K-LEGACY-RC-KC01-K1-B01-P225","Legacy asset requires certified metadata brief QA and sign-off before reuse","Legacy Migration Lead","OPEN"
"226","LEG-226","K-LEGACY-RC-KC01-K1-B01-P226","Legacy asset requires certified metadata brief QA and sign-off before reuse","Legacy Migration Lead","OPEN"
"227","LEG-227","K-LEGACY-RC-KC01-K1-B01-P227","Legacy asset requires certified metadata brief QA and sign-off before reuse","Legacy Migration Lead","OPEN"
"228","LEG-228","K-LEGACY-RC-KC01-K1-B01-P228","Legacy asset requires certified metadata brief QA and sign-off before reuse","Legacy Migration Lead","OPEN"
"229","LEG-229","K-LEGACY-RC-KC01-K1-B01-P229","Legacy asset requires certified metadata brief QA and sign-off before reuse","Legacy Migration Lead","OPEN"
"230","LEG-230","K-LEGACY-RC-KC01-K1-B01-P230","Legacy asset requires certified metadata brief QA and sign-off before reuse","Legacy Migration Lead","OPEN"
"231","LEG-231","K-LEGACY-RC-KC01-K1-B01-P231","Legacy asset requires certified metadata brief QA and sign-off before reuse","Legacy Migration Lead","OPEN"
"232","LEG-232","K-LEGACY-RC-KC01-K1-B01-P232","Legacy asset requires certified metadata brief QA and sign-off before reuse","Legacy Migration Lead","OPEN"
"233","LEG-233","K-LEGACY-RC-KC02-K1-B01-P233","Legacy asset requires certified metadata brief QA and sign-off before reuse","Legacy Migration Lead","OPEN"
"234","LEG-234","K-LEGACY-RC-KC01-K1-B01-P234","Legacy asset requires certified metadata brief QA and sign-off before reuse","Legacy Migration Lead","OPEN"
"235","LEG-235","K-LEGACY-RC-KC01-K1-B01-P235","Legacy asset requires certified metadata brief QA and sign-off before reuse","Legacy Migration Lead","OPEN"
"236","LEG-236","K-LEGACY-RC-KC01-K1-B01-P236","Legacy asset requires certified metadata brief QA and sign-off before reuse","Legacy Migration Lead","OPEN"
"237","LEG-237","K-LEGACY-RC-KC01-K1-B01-P237","Legacy asset requires certified metadata brief QA and sign-off before reuse","Legacy Migration Lead","OPEN"
"238","LEG-238","K-LEGACY-RC-KC01-K1-B01-P238","Legacy asset requires certified metadata brief QA and sign-off before reuse","Legacy Migration Lead","OPEN"
"239","LEG-239","K-LEGACY-RC-KC01-K1-B01-P239","Legacy asset requires certified metadata brief QA and sign-off before reuse","Legacy Migration Lead","OPEN"
"240","LEG-240","K-LEGACY-RC-KC01-K1-B01-P240","Legacy asset requires certified metadata brief QA and sign-off before reuse","Legacy Migration Lead","OPEN"
"241","LEG-241","K-LEGACY-RC-KC01-K1-B01-P241","Legacy asset requires certified metadata brief QA and sign-off before reuse","Legacy Migration Lead","OPEN"
"242","LEG-242","K-LEGACY-RC-KC01-K1-B01-P242","Legacy asset requires certified metadata brief QA and sign-off before reuse","Legacy Migration Lead","OPEN"
"243","LEG-243","K-LEGACY-RC-KC01-K1-B01-P243","Legacy asset requires certified metadata brief QA and sign-off before reuse","Legacy Migration Lead","OPEN"
"244","LEG-244","K-LEGACY-RC-KC01-K1-B01-P244","Legacy asset requires certified metadata brief QA and sign-off before reuse","Legacy Migration Lead","OPEN"
"245","LEG-245","K-LEGACY-RC-KC01-K1-B01-P245","Legacy asset requires certified metadata brief QA and sign-off before reuse","Legacy Migration Lead","OPEN"
"246","LEG-246","K-LEGACY-RC-KC07-K1-B01-P246","Legacy asset requires certified metadata brief QA and sign-off before reuse","Legacy Migration Lead","OPEN"
"247","LEG-247","K-LEGACY-RC-KC01-K1-B01-P247","Legacy asset requires certified metadata brief QA and sign-off before reuse","Legacy Migration Lead","OPEN"
"248","LEG-248","K-LEGACY-RC-KC01-K1-B01-P248","Legacy asset requires certified metadata brief QA and sign-off before reuse","Legacy Migration Lead","OPEN"
"249","LEG-249","K-LEGACY-RC-KC01-K1-B01-P249","Legacy asset requires certified metadata brief QA and sign-off before reuse","Legacy Migration Lead","OPEN"
"250","LEG-250","K-LEGACY-RC-KC01-K1-B01-P250","Legacy asset requires certified metadata brief QA and sign-off before reuse","Legacy Migration Lead","OPEN"
"251","LEG-251","K-LEGACY-RC-KC01-K1-B01-P251","Legacy asset requires certified metadata brief QA and sign-off before reuse","Legacy Migration Lead","OPEN"
"252","LEG-252","K-LEGACY-RC-KC01-K1-B01-P252","Legacy asset requires certified metadata brief QA and sign-off before reuse","Legacy Migration Lead","OPEN"
"253","LEG-253","K-LEGACY-RC-KC01-K1-B01-P253","Legacy asset requires certified metadata brief QA and sign-off before reuse","Legacy Migration Lead","OPEN"
"254","LEG-254","K-LEGACY-RC-KC01-K1-B01-P254","Legacy asset requires certified metadata brief QA and sign-off before reuse","Legacy Migration Lead","OPEN"
"255","LEG-255","K-LEGACY-RC-KC01-K1-B01-P255","Legacy asset requires certified metadata brief QA and sign-off before reuse","Legacy Migration Lead","OPEN"
"256","LEG-256","K-LEGACY-RC-KC01-K1-B01-P256","Legacy asset requires certified metadata brief QA and sign-off before reuse","Legacy Migration Lead","OPEN"
"257","LEG-257","K-LEGACY-RC-KC01-K1-B01-P257","Legacy asset requires certified metadata brief QA and sign-off before reuse","Legacy Migration Lead","OPEN"
"258","LEG-258","K-LEGACY-RC-KC01-K1-B01-P258","Legacy asset requires certified metadata brief QA and sign-off before reuse","Legacy Migration Lead","OPEN"
"259","LEG-259","K-LEGACY-RC-KC01-K1-B01-P259","Legacy asset requires certified metadata brief QA and sign-off before reuse","Legacy Migration Lead","OPEN"
"260","LEG-260","K-LEGACY-RC-KC01-K1-B01-P260","Legacy asset requires certified metadata brief QA and sign-off before reuse","Legacy Migration Lead","OPEN"
"261","LEG-261","K-LEGACY-RC-KC01-K1-B01-P261","Legacy asset requires certified metadata brief QA and sign-off before reuse","Legacy Migration Lead","OPEN"
"262","LEG-262","K-LEGACY-RC-KC01-K1-B01-P262","Legacy asset requires certified metadata brief QA and sign-off before reuse","Legacy Migration Lead","OPEN"
"263","LEG-263","K-LEGACY-RC-KC01-K1-B01-P263","Legacy asset requires certified metadata brief QA and sign-off before reuse","Legacy Migration Lead","OPEN"
"264","LEG-264","K-LEGACY-RC-KC01-K1-B01-P264","Legacy asset requires certified metadata brief QA and sign-off before reuse","Legacy Migration Lead","OPEN"
"265","LEG-265","K-LEGACY-RC-KC01-K1-B01-P265","Legacy asset requires certified metadata brief QA and sign-off before reuse","Legacy Migration Lead","OPEN"
"266","LEG-266","K-LEGACY-RC-KC01-K1-B01-P266","Legacy asset requires certified metadata brief QA and sign-off before reuse","Legacy Migration Lead","OPEN"
"267","LEG-267","K-LEGACY-RC-KC01-K1-B01-P267","Legacy asset requires certified metadata brief QA and sign-off before reuse","Legacy Migration Lead","OPEN"
"268","LEG-268","K-LEGACY-RC-KC01-K1-B01-P268","Legacy asset requires certified metadata brief QA and sign-off before reuse","Legacy Migration Lead","OPEN"
"269","LEG-269","K-LEGACY-RC-KC01-K1-B01-P269","Legacy asset requires certified metadata brief QA and sign-off before reuse","Legacy Migration Lead","OPEN"
"270","LEG-270","K-LEGACY-RC-KC01-K1-B01-P270","Legacy asset requires certified metadata brief QA and sign-off before reuse","Legacy Migration Lead","OPEN"
"271","LEG-271","K-LEGACY-RC-KC07-K1-B01-P271","Legacy asset requires certified metadata brief QA and sign-off before reuse","Legacy Migration Lead","OPEN"
"272","LEG-272","K-LEGACY-RC-KC07-K1-B01-P272","Legacy asset requires certified metadata brief QA and sign-off before reuse","Legacy Migration Lead","OPEN"
"273","LEG-273","K-LEGACY-RC-KC07-K1-B01-P273","Legacy asset requires certified metadata brief QA and sign-off before reuse","Legacy Migration Lead","OPEN"
"274","LEG-274","K-LEGACY-RC-KC07-K1-B01-P274","Legacy asset requires certified metadata brief QA and sign-off before reuse","Legacy Migration Lead","OPEN"
"275","LEG-275","K-LEGACY-RC-KC07-K1-B01-P275","Legacy asset requires certified metadata brief QA and sign-off before reuse","Legacy Migration Lead","OPEN"
"276","LEG-276","K-LEGACY-RC-KC07-K1-B01-P276","Legacy asset requires certified metadata brief QA and sign-off before reuse","Legacy Migration Lead","OPEN"
"277","LEG-277","K-LEGACY-RC-KC07-K1-B01-P277","Legacy asset requires certified metadata brief QA and sign-off before reuse","Legacy Migration Lead","OPEN"
"278","LEG-278","K-LEGACY-RC-KC07-K1-B01-P278","Legacy asset requires certified metadata brief QA and sign-off before reuse","Legacy Migration Lead","OPEN"
"279","LEG-279","K-LEGACY-RC-KC07-K1-B01-P279","Legacy asset requires certified metadata brief QA and sign-off before reuse","Legacy Migration Lead","OPEN"
"280","LEG-280","K-LEGACY-RC-KC07-K1-B01-P280","Legacy asset requires certified metadata brief QA and sign-off before reuse","Legacy Migration Lead","OPEN"
"281","LEG-281","K-LEGACY-RC-KC07-K1-B01-P281","Legacy asset requires certified metadata brief QA and sign-off before reuse","Legacy Migration Lead","OPEN"
"282","LEG-282","K-LEGACY-RC-KC07-K1-B01-P282","Legacy asset requires certified metadata brief QA and sign-off before reuse","Legacy Migration Lead","OPEN"
"283","LEG-283","K-LEGACY-RC-KC07-K1-B01-P283","Legacy asset requires certified metadata brief QA and sign-off before reuse","Legacy Migration Lead","OPEN"
"284","LEG-284","K-LEGACY-RC-KC07-K1-B01-P284","Legacy asset requires certified metadata brief QA and sign-off before reuse","Legacy Migration Lead","OPEN"
"285","LEG-285","K-LEGACY-RC-KC07-K1-B01-P285","Legacy asset requires certified metadata brief QA and sign-off before reuse","Legacy Migration Lead","OPEN"
"286","LEG-286","K-LEGACY-RC-KC07-K1-B01-P286","Legacy asset requires certified metadata brief QA and sign-off before reuse","Legacy Migration Lead","OPEN"
"287","LEG-287","K-LEGACY-RC-KC07-K1-B01-P287","Legacy asset requires certified metadata brief QA and sign-off before reuse","Legacy Migration Lead","OPEN"
"288","LEG-288","K-LEGACY-RC-KC07-K1-B01-P288","Legacy asset requires certified metadata brief QA and sign-off before reuse","Legacy Migration Lead","OPEN"
"289","LEG-289","K-LEGACY-RC-KC07-K1-B01-P289","Legacy asset requires certified metadata brief QA and sign-off before reuse","Legacy Migration Lead","OPEN"
"290","LEG-290","K-LEGACY-RC-KC07-K1-B01-P290","Legacy asset requires certified metadata brief QA and sign-off before reuse","Legacy Migration Lead","OPEN"
"291","LEG-291","K-LEGACY-RC-KC07-K1-B01-P291","Legacy asset requires certified metadata brief QA and sign-off before reuse","Legacy Migration Lead","OPEN"
"292","LEG-292","K-LEGACY-RC-KC07-K1-B01-P292","Legacy asset requires certified metadata brief QA and sign-off before reuse","Legacy Migration Lead","OPEN"
"293","LEG-293","K-LEGACY-RC-KC07-K1-B01-P293","Legacy asset requires certified metadata brief QA and sign-off before reuse","Legacy Migration Lead","OPEN"
"294","LEG-294","K-LEGACY-RC-KC07-K1-B01-P294","Legacy asset requires certified metadata brief QA and sign-off before reuse","Legacy Migration Lead","OPEN"
"295","LEG-295","K-LEGACY-RC-KC07-K1-B01-P295","Legacy asset requires certified metadata brief QA and sign-off before reuse","Legacy Migration Lead","OPEN"
"296","LEG-296","K-LEGACY-RC-KC07-K1-B01-P296","Legacy asset requires certified metadata brief QA and sign-off before reuse","Legacy Migration Lead","OPEN"
"297","LEG-297","K-LEGACY-RC-KC07-K1-B01-P297","Legacy asset requires certified metadata brief QA and sign-off before reuse","Legacy Migration Lead","OPEN"
"298","LEG-298","K-LEGACY-RC-KC07-K1-B01-P298","Legacy asset requires certified metadata brief QA and sign-off before reuse","Legacy Migration Lead","OPEN"
"299","LEG-299","K-LEGACY-RC-KC07-K1-B01-P299","Legacy asset requires certified metadata brief QA and sign-off before reuse","Legacy Migration Lead","OPEN"
"300","LEG-300","K-LEGACY-RC-KC07-K1-B01-P300","Legacy asset requires certified metadata brief QA and sign-off before reuse","Legacy Migration Lead","OPEN"
"301","LEG-301","K-LEGACY-RC-KC07-K1-B01-P301","Legacy asset requires certified metadata brief QA and sign-off before reuse","Legacy Migration Lead","OPEN"
"302","LEG-302","K-LEGACY-RC-KC07-K1-B01-P302","Legacy asset requires certified metadata brief QA and sign-off before reuse","Legacy Migration Lead","OPEN"
"303","LEG-303","K-LEGACY-RC-KC07-K1-B01-P303","Legacy asset requires certified metadata brief QA and sign-off before reuse","Legacy Migration Lead","OPEN"
"304","LEG-304","K-LEGACY-RC-KC07-K1-B01-P304","Legacy asset requires certified metadata brief QA and sign-off before reuse","Legacy Migration Lead","OPEN"
"305","LEG-305","K-LEGACY-RC-KC07-K1-B01-P305","Legacy asset requires certified metadata brief QA and sign-off before reuse","Legacy Migration Lead","OPEN"
"306","LEG-306","K-LEGACY-RC-KC07-K1-B01-P306","Legacy asset requires certified metadata brief QA and sign-off before reuse","Legacy Migration Lead","OPEN"
"307","LEG-307","K-LEGACY-RC-KC07-K1-B01-P307","Legacy asset requires certified metadata brief QA and sign-off before reuse","Legacy Migration Lead","OPEN"
"308","LEG-308","K-LEGACY-RC-KC07-K1-B01-P308","Legacy asset requires certified metadata brief QA and sign-off before reuse","Legacy Migration Lead","OPEN"
"309","LEG-309","K-LEGACY-RC-KC07-K1-B01-P309","Legacy asset requires certified metadata brief QA and sign-off before reuse","Legacy Migration Lead","OPEN"
"310","LEG-310","K-LEGACY-RC-KC07-K1-B01-P310","Legacy asset requires certified metadata brief QA and sign-off before reuse","Legacy Migration Lead","OPEN"
"311","LEG-311","K-LEGACY-RC-KC07-K1-B01-P311","Legacy asset requires certified metadata brief QA and sign-off before reuse","Legacy Migration Lead","OPEN"
"312","LEG-312","K-LEGACY-RC-KC07-K1-B01-P312","Legacy asset requires certified metadata brief QA and sign-off before reuse","Legacy Migration Lead","OPEN"
"313","LEG-313","K-LEGACY-RC-KC07-K1-B01-P313","Legacy asset requires certified metadata brief QA and sign-off before reuse","Legacy Migration Lead","OPEN"
"314","LEG-314","K-LEGACY-RC-KC07-K1-B01-P314","Legacy asset requires certified metadata brief QA and sign-off before reuse","Legacy Migration Lead","OPEN"
"315","LEG-315","K-LEGACY-RC-KC07-K1-B01-P315","Legacy asset requires certified metadata brief QA and sign-off before reuse","Legacy Migration Lead","OPEN"
"316","LEG-316","K-LEGACY-RC-KC07-K1-B01-P316","Legacy asset requires certified metadata brief QA and sign-off before reuse","Legacy Migration Lead","OPEN"
"317","LEG-317","K-LEGACY-RC-KC07-K1-B01-P317","Legacy asset requires certified metadata brief QA and sign-off before reuse","Legacy Migration Lead","OPEN"
"318","LEG-318","K-LEGACY-RC-KC07-K1-B01-P318","Legacy asset requires certified metadata brief QA and sign-off before reuse","Legacy Migration Lead","OPEN"
"319","LEG-319","K-LEGACY-RC-KC07-K1-B01-P319","Legacy asset requires certified metadata brief QA and sign-off before reuse","Legacy Migration Lead","OPEN"
"320","LEG-320","K-LEGACY-RC-KC07-K1-B01-P320","Legacy asset requires certified metadata brief QA and sign-off before reuse","Legacy Migration Lead","OPEN"
"321","LEG-321","K-LEGACY-RC-KC07-K1-B01-P321","Legacy asset requires certified metadata brief QA and sign-off before reuse","Legacy Migration Lead","OPEN"
"322","LEG-322","K-LEGACY-RC-KC07-K1-B01-P322","Legacy asset requires certified metadata brief QA and sign-off before reuse","Legacy Migration Lead","OPEN"
"323","LEG-323","K-LEGACY-RC-KC07-K1-B01-P323","Legacy asset requires certified metadata brief QA and sign-off before reuse","Legacy Migration Lead","OPEN"
"324","LEG-324","K-LEGACY-RC-KC07-K1-B01-P324","Legacy asset requires certified metadata brief QA and sign-off before reuse","Legacy Migration Lead","OPEN"
"325","LEG-325","K-LEGACY-RC-KC07-K1-B01-P325","Legacy asset requires certified metadata brief QA and sign-off before reuse","Legacy Migration Lead","OPEN"
"326","LEG-326","K-LEGACY-RC-KC07-K1-B01-P326","Legacy asset requires certified metadata brief QA and sign-off before reuse","Legacy Migration Lead","OPEN"
"327","LEG-327","K-LEGACY-RC-KC07-K1-B01-P327","Legacy asset requires certified metadata brief QA and sign-off before reuse","Legacy Migration Lead","OPEN"
"328","LEG-328","K-LEGACY-RC-KC07-K1-B01-P328","Legacy asset requires certified metadata brief QA and sign-off before reuse","Legacy Migration Lead","OPEN"
"329","LEG-329","K-LEGACY-RC-KC07-K1-B01-P329","Legacy asset requires certified metadata brief QA and sign-off before reuse","Legacy Migration Lead","OPEN"
"330","LEG-330","K-LEGACY-RC-KC07-K1-B01-P330","Legacy asset requires certified metadata brief QA and sign-off before reuse","Legacy Migration Lead","OPEN"
"331","LEG-331","K-LEGACY-RC-KC07-K1-B01-P331","Legacy asset requires certified metadata brief QA and sign-off before reuse","Legacy Migration Lead","OPEN"
"332","LEG-332","K-LEGACY-RC-KC07-K1-B01-P332","Legacy asset requires certified metadata brief QA and sign-off before reuse","Legacy Migration Lead","OPEN"
"333","LEG-333","K-LEGACY-RC-KC07-K1-B01-P333","Legacy asset requires certified metadata brief QA and sign-off before reuse","Legacy Migration Lead","OPEN"
"334","LEG-334","K-LEGACY-RC-KC07-K1-B01-P334","Legacy asset requires certified metadata brief QA and sign-off before reuse","Legacy Migration Lead","OPEN"
"335","LEG-335","K-LEGACY-RC-KC07-K1-B01-P335","Legacy asset requires certified metadata brief QA and sign-off before reuse","Legacy Migration Lead","OPEN"
"336","LEG-336","K-LEGACY-RC-KC07-K1-B01-P336","Legacy asset requires certified metadata brief QA and sign-off before reuse","Legacy Migration Lead","OPEN"
"337","LEG-337","K-LEGACY-RC-KC07-K1-B01-P337","Legacy asset requires certified metadata brief QA and sign-off before reuse","Legacy Migration Lead","OPEN"
"338","LEG-338","K-LEGACY-RC-KC07-K1-B01-P338","Legacy asset requires certified metadata brief QA and sign-off before reuse","Legacy Migration Lead","OPEN"
"339","LEG-339","K-LEGACY-RC-KC07-K1-B01-P339","Legacy asset requires certified metadata brief QA and sign-off before reuse","Legacy Migration Lead","OPEN"
"340","LEG-340","K-LEGACY-RC-KC07-K1-B01-P340","Legacy asset requires certified metadata brief QA and sign-off before reuse","Legacy Migration Lead","OPEN"
"341","LEG-341","K-LEGACY-RC-KC07-K1-B01-P341","Legacy asset requires certified metadata brief QA and sign-off before reuse","Legacy Migration Lead","OPEN"
"342","LEG-342","K-LEGACY-RC-KC07-K1-B01-P342","Legacy asset requires certified metadata brief QA and sign-off before reuse","Legacy Migration Lead","OPEN"
"343","LEG-343","K-LEGACY-RC-KC07-K1-B01-P343","Legacy asset requires certified metadata brief QA and sign-off before reuse","Legacy Migration Lead","OPEN"
"344","LEG-344","K-LEGACY-RC-KC07-K1-B01-P344","Legacy asset requires certified metadata brief QA and sign-off before reuse","Legacy Migration Lead","OPEN"
"345","LEG-345","K-LEGACY-RC-KC07-K1-B01-P345","Legacy asset requires certified metadata brief QA and sign-off before reuse","Legacy Migration Lead","OPEN"
"346","LEG-346","K-LEGACY-RC-KC07-K1-B01-P346","Legacy asset requires certified metadata brief QA and sign-off before reuse","Legacy Migration Lead","OPEN"
"347","LEG-347","K-LEGACY-RC-KC07-K1-B01-P347","Legacy asset requires certified metadata brief QA and sign-off before reuse","Legacy Migration Lead","OPEN"
"348","LEG-348","K-LEGACY-RC-KC07-K1-B01-P348","Legacy asset requires certified metadata brief QA and sign-off before reuse","Legacy Migration Lead","OPEN"
"349","LEG-349","K-LEGACY-RC-KC07-K1-B01-P349","Legacy asset requires certified metadata brief QA and sign-off before reuse","Legacy Migration Lead","OPEN"
"350","LEG-350","K-LEGACY-RC-KC01-K1-B01-P350","Legacy asset requires certified metadata brief QA and sign-off before reuse","Legacy Migration Lead","OPEN"
"351","LEG-351","K-LEGACY-RC-KC01-K1-B01-P351","Legacy asset requires certified metadata brief QA and sign-off before reuse","Legacy Migration Lead","OPEN"
"352","LEG-352","K-LEGACY-RC-KC01-K1-B01-P352","Legacy asset requires certified metadata brief QA and sign-off before reuse","Legacy Migration Lead","OPEN"
"353","LEG-353","K-LEGACY-RC-KC01-K1-B01-P353","Legacy asset requires certified metadata brief QA and sign-off before reuse","Legacy Migration Lead","OPEN"
"354","LEG-354","K-LEGACY-RC-KC01-K1-B01-P354","Legacy asset requires certified metadata brief QA and sign-off before reuse","Legacy Migration Lead","OPEN"
"355","LEG-355","K-LEGACY-RC-KC01-K1-B01-P355","Legacy asset requires certified metadata brief QA and sign-off before reuse","Legacy Migration Lead","OPEN"
"356","LEG-356","K-LEGACY-RC-KC01-K1-B01-P356","Legacy asset requires certified metadata brief QA and sign-off before reuse","Legacy Migration Lead","OPEN"
"357","LEG-357","K-LEGACY-RC-KC01-K1-B01-P357","Legacy asset requires certified metadata brief QA and sign-off before reuse","Legacy Migration Lead","OPEN"
"358","LEG-358","K-LEGACY-RC-KC01-K1-B01-P358","Legacy asset requires certified metadata brief QA and sign-off before reuse","Legacy Migration Lead","OPEN"
"359","LEG-359","K-LEGACY-RC-KC01-K1-B01-P359","Legacy asset requires certified metadata brief QA and sign-off before reuse","Legacy Migration Lead","OPEN"
"360","LEG-360","K-LEGACY-RC-KC01-K1-B01-P360","Legacy asset requires certified metadata brief QA and sign-off before reuse","Legacy Migration Lead","OPEN"
"361","LEG-361","K-LEGACY-RC-KC01-K1-B01-P361","Legacy asset requires certified metadata brief QA and sign-off before reuse","Legacy Migration Lead","OPEN"
"362","LEG-362","K-LEGACY-RC-KC01-K1-B01-P362","Legacy asset requires certified metadata brief QA and sign-off before reuse","Legacy Migration Lead","OPEN"
"363","LEG-363","K-LEGACY-RC-KC01-K1-B01-P363","Legacy asset requires certified metadata brief QA and sign-off before reuse","Legacy Migration Lead","OPEN"
"364","LEG-364","K-LEGACY-RC-KC01-K1-B01-P364","Legacy asset requires certified metadata brief QA and sign-off before reuse","Legacy Migration Lead","OPEN"
"365","LEG-365","K-LEGACY-RC-KC01-K1-B01-P365","Legacy asset requires certified metadata brief QA and sign-off before reuse","Legacy Migration Lead","OPEN"
"366","LEG-366","K-LEGACY-RC-KC01-K1-B01-P366","Legacy asset requires certified metadata brief QA and sign-off before reuse","Legacy Migration Lead","OPEN"
"367","LEG-367","K-LEGACY-RC-KC01-K1-B01-P367","Legacy asset requires certified metadata brief QA and sign-off before reuse","Legacy Migration Lead","OPEN"
"368","LEG-368","K-LEGACY-RC-KC01-K1-B01-P368","Legacy asset requires certified metadata brief QA and sign-off before reuse","Legacy Migration Lead","OPEN"
"369","LEG-369","K-LEGACY-RC-KC01-K1-B01-P369","Legacy asset requires certified metadata brief QA and sign-off before reuse","Legacy Migration Lead","OPEN"
"370","LEG-370","K-LEGACY-RC-KC01-K1-B01-P370","Legacy asset requires certified metadata brief QA and sign-off before reuse","Legacy Migration Lead","OPEN"
"371","LEG-371","K-LEGACY-RC-KC01-K1-B01-P371","Legacy asset requires certified metadata brief QA and sign-off before reuse","Legacy Migration Lead","OPEN"
"372","LEG-372","K-LEGACY-RC-KC01-K1-B01-P372","Legacy asset requires certified metadata brief QA and sign-off before reuse","Legacy Migration Lead","OPEN"
"373","LEG-373","K-LEGACY-RC-KC01-K1-B01-P373","Legacy asset requires certified metadata brief QA and sign-off before reuse","Legacy Migration Lead","OPEN"
"374","LEG-374","K-LEGACY-RC-KC01-K1-B01-P374","Legacy asset requires certified metadata brief QA and sign-off before reuse","Legacy Migration Lead","OPEN"
"375","LEG-375","K-LEGACY-RC-KC01-K1-B01-P375","Legacy asset requires certified metadata brief QA and sign-off before reuse","Legacy Migration Lead","OPEN"
"376","LEG-376","K-LEGACY-RC-KC01-K1-B01-P376","Legacy asset requires certified metadata brief QA and sign-off before reuse","Legacy Migration Lead","OPEN"
"377","LEG-377","K-LEGACY-RC-KC01-K1-B01-P377","Legacy asset requires certified metadata brief QA and sign-off before reuse","Legacy Migration Lead","OPEN"
"378","LEG-378","K-LEGACY-RC-KC01-K1-B01-P378","Legacy asset requires certified metadata brief QA and sign-off before reuse","Legacy Migration Lead","OPEN"
"379","LEG-379","K-LEGACY-RC-KC01-K1-B01-P379","Legacy asset requires certified metadata brief QA and sign-off before reuse","Legacy Migration Lead","OPEN"
"380","LEG-380","K-LEGACY-RC-KC01-K1-B01-P380","Legacy asset requires certified metadata brief QA and sign-off before reuse","Legacy Migration Lead","OPEN"
"381","LEG-381","K-LEGACY-RC-KC01-K1-B01-P381","Legacy asset requires certified metadata brief QA and sign-off before reuse","Legacy Migration Lead","OPEN"
"382","LEG-382","K-LEGACY-RC-KC01-K1-B01-P382","Legacy asset requires certified metadata brief QA and sign-off before reuse","Legacy Migration Lead","OPEN"
"383","LEG-383","K-LEGACY-RC-KC01-K1-B01-P383","Legacy asset requires certified metadata brief QA and sign-off before reuse","Legacy Migration Lead","OPEN"
"384","LEG-384","K-LEGACY-RC-KC01-K1-B01-P384","Legacy asset requires certified metadata brief QA and sign-off before reuse","Legacy Migration Lead","OPEN"
"385","LEG-385","K-LEGACY-RC-KC01-K1-B01-P385","Legacy asset requires certified metadata brief QA and sign-off before reuse","Legacy Migration Lead","OPEN"
"386","LEG-386","K-LEGACY-RC-KC01-K1-B01-P386","Legacy asset requires certified metadata brief QA and sign-off before reuse","Legacy Migration Lead","OPEN"
"387","LEG-387","K-LEGACY-RC-KC01-K1-B01-P387","Legacy asset requires certified metadata brief QA and sign-off before reuse","Legacy Migration Lead","OPEN"
"388","LEG-388","K-LEGACY-RC-KC01-K1-B01-P388","Legacy asset requires certified metadata brief QA and sign-off before reuse","Legacy Migration Lead","OPEN"
"389","LEG-389","K-LEGACY-RC-KC01-K1-B01-P389","Legacy asset requires certified metadata brief QA and sign-off before reuse","Legacy Migration Lead","OPEN"
"390","LEG-390","K-LEGACY-RC-KC01-K1-B01-P390","Legacy asset requires certified metadata brief QA and sign-off before reuse","Legacy Migration Lead","OPEN"
"391","LEG-391","K-LEGACY-RC-KC01-K1-B01-P391","Legacy asset requires certified metadata brief QA and sign-off before reuse","Legacy Migration Lead","OPEN"
"392","LEG-392","K-LEGACY-RC-KC01-K1-B01-P392","Legacy asset requires certified metadata brief QA and sign-off before reuse","Legacy Migration Lead","OPEN"
"393","LEG-393","K-LEGACY-RC-KC01-K1-B01-P393","Legacy asset requires certified metadata brief QA and sign-off before reuse","Legacy Migration Lead","OPEN"
"394","LEG-394","K-LEGACY-RC-KC01-K1-B01-P394","Legacy asset requires certified metadata brief QA and sign-off before reuse","Legacy Migration Lead","OPEN"
"395","LEG-395","K-LEGACY-RC-KC01-K1-B01-P395","Legacy asset requires certified metadata brief QA and sign-off before reuse","Legacy Migration Lead","OPEN"
"396","LEG-396","K-LEGACY-RC-KC01-K1-B01-P396","Legacy asset requires certified metadata brief QA and sign-off before reuse","Legacy Migration Lead","OPEN"
"397","LEG-397","K-LEGACY-RC-KC01-K1-B01-P397","Legacy asset requires certified metadata brief QA and sign-off before reuse","Legacy Migration Lead","OPEN"
