"LegacyID","CurrentFilePath","TitleOrShortName","PossibleCategory","PossibleStage","Disposition","RewritePriority","Notes"
"LEG-001","C:\Projects\MindLab_Starter_Project\__BASELINE_BACKEND_PHASE5_20260104_110518\puzzles\_legacy\puzzles.json","puzzles","KC7","","OPEN","","Imported from legacy scan"
"LEG-002","C:\Projects\MindLab_Starter_Project\__BASELINE_BACKEND_PHASE5_20260104_110518\puzzles\_legacy\README.md","README","KC7","","OPEN","","Imported from legacy scan"
"LEG-003","C:\Projects\MindLab_Starter_Project\__BASELINE_BACKEND_PHASE5_20260104_113049\puzzles\_legacy\puzzles.json","puzzles","KC7","","OPEN","","Imported from legacy scan"
"LEG-004","C:\Projects\MindLab_Starter_Project\__BASELINE_BACKEND_PHASE5_20260104_113049\puzzles\_legacy\README.md","README","KC7","","OPEN","","Imported from legacy scan"
"LEG-005","C:\Projects\MindLab_Starter_Project\__BASELINE_BACKEND_PHASE5B5C_20260104_120421\puzzles\_legacy\puzzles.json","puzzles","KC7","","OPEN","","Imported from legacy scan"
"LEG-006","C:\Projects\MindLab_Starter_Project\__BASELINE_BACKEND_PHASE5B5C_20260104_120421\puzzles\_legacy\README.md","README","KC7","","OPEN","","Imported from legacy scan"
"LEG-007","C:\Projects\MindLab_Starter_Project\__BASELINE_BACKEND_PHASE5D_20260105_184300\puzzles\_legacy\puzzles.json","puzzles","KC7","","OPEN","","Imported from legacy scan"
"LEG-008","C:\Projects\MindLab_Starter_Project\__BASELINE_BACKEND_PHASE5D_20260105_184300\puzzles\_legacy\README.md","README","KC7","","OPEN","","Imported from legacy scan"
"LEG-009","C:\Projects\MindLab_Starter_Project\__BASELINE_FRONTEND_PHASE5_20260104_110518\_legacy_js_backup_20251208\api.js","api","","","OPEN","","Imported from legacy scan"
"LEG-010","C:\Projects\MindLab_Starter_Project\__BASELINE_FRONTEND_PHASE5_20260104_110518\_legacy_js_backup_20251208\App.backup.js","App.backup","","","OPEN","","Imported from legacy scan"
"LEG-011","C:\Projects\MindLab_Starter_Project\__BASELINE_FRONTEND_PHASE5_20260104_110518\_legacy_js_backup_20251208\App.js","App","","","OPEN","","Imported from legacy scan"
"LEG-012","C:\Projects\MindLab_Starter_Project\__BASELINE_FRONTEND_PHASE5_20260104_110518\_legacy_js_backup_20251208\auth.js","auth","","","OPEN","","Imported from legacy scan"
"LEG-013","C:\Projects\MindLab_Starter_Project\__BASELINE_FRONTEND_PHASE5_20260104_110518\_legacy_js_backup_20251208\dailyChallengeApi.js","dailyChallengeApi","","","OPEN","","Imported from legacy scan"
"LEG-014","C:\Projects\MindLab_Starter_Project\__BASELINE_FRONTEND_PHASE5_20260104_110518\_legacy_js_backup_20251208\DailyChallengeDetailPage.js","DailyChallengeDetailPage","","","OPEN","","Imported from legacy scan"
"LEG-015","C:\Projects\MindLab_Starter_Project\__BASELINE_FRONTEND_PHASE5_20260104_110518\_legacy_js_backup_20251208\DailyChallengeHomeCard.js","DailyChallengeHomeCard","","","OPEN","","Imported from legacy scan"
"LEG-016","C:\Projects\MindLab_Starter_Project\__BASELINE_FRONTEND_PHASE5_20260104_110518\_legacy_js_backup_20251208\ErrorBanner.js","ErrorBanner","","","OPEN","","Imported from legacy scan"
"LEG-017","C:\Projects\MindLab_Starter_Project\__BASELINE_FRONTEND_PHASE5_20260104_110518\_legacy_js_backup_20251208\ErrorBoundary.js","ErrorBoundary","","","OPEN","","Imported from legacy scan"
"LEG-018","C:\Projects\MindLab_Starter_Project\__BASELINE_FRONTEND_PHASE5_20260104_110518\_legacy_js_backup_20251208\GamePanel.js","GamePanel","","","OPEN","","Imported from legacy scan"
"LEG-019","C:\Projects\MindLab_Starter_Project\__BASELINE_FRONTEND_PHASE5_20260104_110518\_legacy_js_backup_20251208\HealthPanel.js","HealthPanel","","","OPEN","","Imported from legacy scan"
"LEG-020","C:\Projects\MindLab_Starter_Project\__BASELINE_FRONTEND_PHASE5_20260104_110518\_legacy_js_backup_20251208\main.js","main","","","OPEN","","Imported from legacy scan"
"LEG-021","C:\Projects\MindLab_Starter_Project\__BASELINE_FRONTEND_PHASE5_20260104_110518\_legacy_js_backup_20251208\models.js","models","","","OPEN","","Imported from legacy scan"
"LEG-022","C:\Projects\MindLab_Starter_Project\__BASELINE_FRONTEND_PHASE5_20260104_110518\_legacy_js_backup_20251208\ProgressPanel.js","ProgressPanel","","","OPEN","","Imported from legacy scan"
"LEG-023","C:\Projects\MindLab_Starter_Project\__BASELINE_FRONTEND_PHASE5_20260104_110518\_legacy_js_backup_20251208\ResultBanner.js","ResultBanner","","","OPEN","","Imported from legacy scan"
"LEG-024","C:\Projects\MindLab_Starter_Project\__BASELINE_FRONTEND_PHASE5_20260104_113049\_legacy_js_backup_20251208\api.js","api","","","OPEN","","Imported from legacy scan"
"LEG-025","C:\Projects\MindLab_Starter_Project\__BASELINE_FRONTEND_PHASE5_20260104_113049\_legacy_js_backup_20251208\App.backup.js","App.backup","","","OPEN","","Imported from legacy scan"
"LEG-026","C:\Projects\MindLab_Starter_Project\__BASELINE_FRONTEND_PHASE5_20260104_113049\_legacy_js_backup_20251208\App.js","App","","","OPEN","","Imported from legacy scan"
"LEG-027","C:\Projects\MindLab_Starter_Project\__BASELINE_FRONTEND_PHASE5_20260104_113049\_legacy_js_backup_20251208\auth.js","auth","","","OPEN","","Imported from legacy scan"
"LEG-028","C:\Projects\MindLab_Starter_Project\__BASELINE_FRONTEND_PHASE5_20260104_113049\_legacy_js_backup_20251208\dailyChallengeApi.js","dailyChallengeApi","","","OPEN","","Imported from legacy scan"
"LEG-029","C:\Projects\MindLab_Starter_Project\__BASELINE_FRONTEND_PHASE5_20260104_113049\_legacy_js_backup_20251208\DailyChallengeDetailPage.js","DailyChallengeDetailPage","","","OPEN","","Imported from legacy scan"
"LEG-030","C:\Projects\MindLab_Starter_Project\__BASELINE_FRONTEND_PHASE5_20260104_113049\_legacy_js_backup_20251208\DailyChallengeHomeCard.js","DailyChallengeHomeCard","","","OPEN","","Imported from legacy scan"
"LEG-031","C:\Projects\MindLab_Starter_Project\__BASELINE_FRONTEND_PHASE5_20260104_113049\_legacy_js_backup_20251208\ErrorBanner.js","ErrorBanner","","","OPEN","","Imported from legacy scan"
"LEG-032","C:\Projects\MindLab_Starter_Project\__BASELINE_FRONTEND_PHASE5_20260104_113049\_legacy_js_backup_20251208\ErrorBoundary.js","ErrorBoundary","","","OPEN","","Imported from legacy scan"
"LEG-033","C:\Projects\MindLab_Starter_Project\__BASELINE_FRONTEND_PHASE5_20260104_113049\_legacy_js_backup_20251208\GamePanel.js","GamePanel","","","OPEN","","Imported from legacy scan"
"LEG-034","C:\Projects\MindLab_Starter_Project\__BASELINE_FRONTEND_PHASE5_20260104_113049\_legacy_js_backup_20251208\HealthPanel.js","HealthPanel","","","OPEN","","Imported from legacy scan"
"LEG-035","C:\Projects\MindLab_Starter_Project\__BASELINE_FRONTEND_PHASE5_20260104_113049\_legacy_js_backup_20251208\main.js","main","","","OPEN","","Imported from legacy scan"
"LEG-036","C:\Projects\MindLab_Starter_Project\__BASELINE_FRONTEND_PHASE5_20260104_113049\_legacy_js_backup_20251208\models.js","models","","","OPEN","","Imported from legacy scan"
"LEG-037","C:\Projects\MindLab_Starter_Project\__BASELINE_FRONTEND_PHASE5_20260104_113049\_legacy_js_backup_20251208\ProgressPanel.js","ProgressPanel","","","OPEN","","Imported from legacy scan"
"LEG-038","C:\Projects\MindLab_Starter_Project\__BASELINE_FRONTEND_PHASE5_20260104_113049\_legacy_js_backup_20251208\ResultBanner.js","ResultBanner","","","OPEN","","Imported from legacy scan"
"LEG-039","C:\Projects\MindLab_Starter_Project\__BASELINE_FRONTEND_PHASE5B5C_20260104_120421\_legacy_js_backup_20251208\api.js","api","","","OPEN","","Imported from legacy scan"
"LEG-040","C:\Projects\MindLab_Starter_Project\__BASELINE_FRONTEND_PHASE5B5C_20260104_120421\_legacy_js_backup_20251208\App.backup.js","App.backup","","","OPEN","","Imported from legacy scan"
"LEG-041","C:\Projects\MindLab_Starter_Project\__BASELINE_FRONTEND_PHASE5B5C_20260104_120421\_legacy_js_backup_20251208\App.js","App","","","OPEN","","Imported from legacy scan"
"LEG-042","C:\Projects\MindLab_Starter_Project\__BASELINE_FRONTEND_PHASE5B5C_20260104_120421\_legacy_js_backup_20251208\auth.js","auth","","","OPEN","","Imported from legacy scan"
"LEG-043","C:\Projects\MindLab_Starter_Project\__BASELINE_FRONTEND_PHASE5B5C_20260104_120421\_legacy_js_backup_20251208\dailyChallengeApi.js","dailyChallengeApi","","","OPEN","","Imported from legacy scan"
"LEG-044","C:\Projects\MindLab_Starter_Project\__BASELINE_FRONTEND_PHASE5B5C_20260104_120421\_legacy_js_backup_20251208\DailyChallengeDetailPage.js","DailyChallengeDetailPage","","","OPEN","","Imported from legacy scan"
"LEG-045","C:\Projects\MindLab_Starter_Project\__BASELINE_FRONTEND_PHASE5B5C_20260104_120421\_legacy_js_backup_20251208\DailyChallengeHomeCard.js","DailyChallengeHomeCard","","","OPEN","","Imported from legacy scan"
"LEG-046","C:\Projects\MindLab_Starter_Project\__BASELINE_FRONTEND_PHASE5B5C_20260104_120421\_legacy_js_backup_20251208\ErrorBanner.js","ErrorBanner","","","OPEN","","Imported from legacy scan"
"LEG-047","C:\Projects\MindLab_Starter_Project\__BASELINE_FRONTEND_PHASE5B5C_20260104_120421\_legacy_js_backup_20251208\ErrorBoundary.js","ErrorBoundary","","","OPEN","","Imported from legacy scan"
"LEG-048","C:\Projects\MindLab_Starter_Project\__BASELINE_FRONTEND_PHASE5B5C_20260104_120421\_legacy_js_backup_20251208\GamePanel.js","GamePanel","","","OPEN","","Imported from legacy scan"
"LEG-049","C:\Projects\MindLab_Starter_Project\__BASELINE_FRONTEND_PHASE5B5C_20260104_120421\_legacy_js_backup_20251208\HealthPanel.js","HealthPanel","","","OPEN","","Imported from legacy scan"
"LEG-050","C:\Projects\MindLab_Starter_Project\__BASELINE_FRONTEND_PHASE5B5C_20260104_120421\_legacy_js_backup_20251208\main.js","main","","","OPEN","","Imported from legacy scan"
"LEG-051","C:\Projects\MindLab_Starter_Project\__BASELINE_FRONTEND_PHASE5B5C_20260104_120421\_legacy_js_backup_20251208\models.js","models","","","OPEN","","Imported from legacy scan"
"LEG-052","C:\Projects\MindLab_Starter_Project\__BASELINE_FRONTEND_PHASE5B5C_20260104_120421\_legacy_js_backup_20251208\ProgressPanel.js","ProgressPanel","","","OPEN","","Imported from legacy scan"
"LEG-053","C:\Projects\MindLab_Starter_Project\__BASELINE_FRONTEND_PHASE5B5C_20260104_120421\_legacy_js_backup_20251208\ResultBanner.js","ResultBanner","","","OPEN","","Imported from legacy scan"
"LEG-054","C:\Projects\MindLab_Starter_Project\__BASELINE_FRONTEND_PHASE5D_20260105_184300\_legacy_js_backup_20251208\api.js","api","","","OPEN","","Imported from legacy scan"
"LEG-055","C:\Projects\MindLab_Starter_Project\__BASELINE_FRONTEND_PHASE5D_20260105_184300\_legacy_js_backup_20251208\App.backup.js","App.backup","","","OPEN","","Imported from legacy scan"
"LEG-056","C:\Projects\MindLab_Starter_Project\__BASELINE_FRONTEND_PHASE5D_20260105_184300\_legacy_js_backup_20251208\App.js","App","","","OPEN","","Imported from legacy scan"
"LEG-057","C:\Projects\MindLab_Starter_Project\__BASELINE_FRONTEND_PHASE5D_20260105_184300\_legacy_js_backup_20251208\auth.js","auth","","","OPEN","","Imported from legacy scan"
"LEG-058","C:\Projects\MindLab_Starter_Project\__BASELINE_FRONTEND_PHASE5D_20260105_184300\_legacy_js_backup_20251208\dailyChallengeApi.js","dailyChallengeApi","","","OPEN","","Imported from legacy scan"
"LEG-059","C:\Projects\MindLab_Starter_Project\__BASELINE_FRONTEND_PHASE5D_20260105_184300\_legacy_js_backup_20251208\DailyChallengeDetailPage.js","DailyChallengeDetailPage","","","OPEN","","Imported from legacy scan"
"LEG-060","C:\Projects\MindLab_Starter_Project\__BASELINE_FRONTEND_PHASE5D_20260105_184300\_legacy_js_backup_20251208\DailyChallengeHomeCard.js","DailyChallengeHomeCard","","","OPEN","","Imported from legacy scan"
"LEG-061","C:\Projects\MindLab_Starter_Project\__BASELINE_FRONTEND_PHASE5D_20260105_184300\_legacy_js_backup_20251208\ErrorBanner.js","ErrorBanner","","","OPEN","","Imported from legacy scan"
"LEG-062","C:\Projects\MindLab_Starter_Project\__BASELINE_FRONTEND_PHASE5D_20260105_184300\_legacy_js_backup_20251208\ErrorBoundary.js","ErrorBoundary","","","OPEN","","Imported from legacy scan"
"LEG-063","C:\Projects\MindLab_Starter_Project\__BASELINE_FRONTEND_PHASE5D_20260105_184300\_legacy_js_backup_20251208\GamePanel.js","GamePanel","","","OPEN","","Imported from legacy scan"
"LEG-064","C:\Projects\MindLab_Starter_Project\__BASELINE_FRONTEND_PHASE5D_20260105_184300\_legacy_js_backup_20251208\HealthPanel.js","HealthPanel","","","OPEN","","Imported from legacy scan"
"LEG-065","C:\Projects\MindLab_Starter_Project\__BASELINE_FRONTEND_PHASE5D_20260105_184300\_legacy_js_backup_20251208\main.js","main","","","OPEN","","Imported from legacy scan"
"LEG-066","C:\Projects\MindLab_Starter_Project\__BASELINE_FRONTEND_PHASE5D_20260105_184300\_legacy_js_backup_20251208\models.js","models","","","OPEN","","Imported from legacy scan"
"LEG-067","C:\Projects\MindLab_Starter_Project\__BASELINE_FRONTEND_PHASE5D_20260105_184300\_legacy_js_backup_20251208\ProgressPanel.js","ProgressPanel","","","OPEN","","Imported from legacy scan"
"LEG-068","C:\Projects\MindLab_Starter_Project\__BASELINE_FRONTEND_PHASE5D_20260105_184300\_legacy_js_backup_20251208\ResultBanner.js","ResultBanner","","","OPEN","","Imported from legacy scan"
"LEG-069","C:\Projects\MindLab_Starter_Project\__FREEZE_BACKEND_PHASE5D_20260106_184626\puzzles\_legacy\puzzles.json","puzzles","KC7","","OPEN","","Imported from legacy scan"
"LEG-070","C:\Projects\MindLab_Starter_Project\__FREEZE_BACKEND_PHASE5D_20260106_184626\puzzles\_legacy\README.md","README","KC7","","OPEN","","Imported from legacy scan"
"LEG-071","C:\Projects\MindLab_Starter_Project\__FREEZE_FRONTEND_PHASE5D_20260106_184626\_legacy_js_backup_20251208\api.js","api","","","OPEN","","Imported from legacy scan"
"LEG-072","C:\Projects\MindLab_Starter_Project\__FREEZE_FRONTEND_PHASE5D_20260106_184626\_legacy_js_backup_20251208\App.backup.js","App.backup","","","OPEN","","Imported from legacy scan"
"LEG-073","C:\Projects\MindLab_Starter_Project\__FREEZE_FRONTEND_PHASE5D_20260106_184626\_legacy_js_backup_20251208\App.js","App","","","OPEN","","Imported from legacy scan"
"LEG-074","C:\Projects\MindLab_Starter_Project\__FREEZE_FRONTEND_PHASE5D_20260106_184626\_legacy_js_backup_20251208\auth.js","auth","","","OPEN","","Imported from legacy scan"
"LEG-075","C:\Projects\MindLab_Starter_Project\__FREEZE_FRONTEND_PHASE5D_20260106_184626\_legacy_js_backup_20251208\dailyChallengeApi.js","dailyChallengeApi","","","OPEN","","Imported from legacy scan"
"LEG-076","C:\Projects\MindLab_Starter_Project\__FREEZE_FRONTEND_PHASE5D_20260106_184626\_legacy_js_backup_20251208\DailyChallengeDetailPage.js","DailyChallengeDetailPage","","","OPEN","","Imported from legacy scan"
"LEG-077","C:\Projects\MindLab_Starter_Project\__FREEZE_FRONTEND_PHASE5D_20260106_184626\_legacy_js_backup_20251208\DailyChallengeHomeCard.js","DailyChallengeHomeCard","","","OPEN","","Imported from legacy scan"
"LEG-078","C:\Projects\MindLab_Starter_Project\__FREEZE_FRONTEND_PHASE5D_20260106_184626\_legacy_js_backup_20251208\ErrorBanner.js","ErrorBanner","","","OPEN","","Imported from legacy scan"
"LEG-079","C:\Projects\MindLab_Starter_Project\__FREEZE_FRONTEND_PHASE5D_20260106_184626\_legacy_js_backup_20251208\ErrorBoundary.js","ErrorBoundary","","","OPEN","","Imported from legacy scan"
"LEG-080","C:\Projects\MindLab_Starter_Project\__FREEZE_FRONTEND_PHASE5D_20260106_184626\_legacy_js_backup_20251208\GamePanel.js","GamePanel","","","OPEN","","Imported from legacy scan"
"LEG-081","C:\Projects\MindLab_Starter_Project\__FREEZE_FRONTEND_PHASE5D_20260106_184626\_legacy_js_backup_20251208\HealthPanel.js","HealthPanel","","","OPEN","","Imported from legacy scan"
"LEG-082","C:\Projects\MindLab_Starter_Project\__FREEZE_FRONTEND_PHASE5D_20260106_184626\_legacy_js_backup_20251208\main.js","main","","","OPEN","","Imported from legacy scan"
"LEG-083","C:\Projects\MindLab_Starter_Project\__FREEZE_FRONTEND_PHASE5D_20260106_184626\_legacy_js_backup_20251208\models.js","models","","","OPEN","","Imported from legacy scan"
"LEG-084","C:\Projects\MindLab_Starter_Project\__FREEZE_FRONTEND_PHASE5D_20260106_184626\_legacy_js_backup_20251208\ProgressPanel.js","ProgressPanel","","","OPEN","","Imported from legacy scan"
"LEG-085","C:\Projects\MindLab_Starter_Project\__FREEZE_FRONTEND_PHASE5D_20260106_184626\_legacy_js_backup_20251208\ResultBanner.js","ResultBanner","","","OPEN","","Imported from legacy scan"
"LEG-086","C:\Projects\MindLab_Starter_Project\__FREEZE_PHASE5D_20260106_184626_README.txt","__FREEZE_PHASE5D_20260106_184626_README","","","OPEN","","Imported from legacy scan"
"LEG-087","C:\Projects\MindLab_Starter_Project\__FREEZE_PHASE6_COMPLETE_20260107_145401_README.txt","__FREEZE_PHASE6_COMPLETE_20260107_145401_README","","","OPEN","","Imported from legacy scan"
"LEG-088","C:\Projects\MindLab_Starter_Project\__FREEZE_PHASE6MUTATION_20260107_132620_README.txt","__FREEZE_PHASE6MUTATION_20260107_132620_README","","","OPEN","","Imported from legacy scan"
"LEG-089","C:\Projects\MindLab_Starter_Project\__FREEZE_PHASE7_COMPLETE_20260107_153937_README.txt","__FREEZE_PHASE7_COMPLETE_20260107_153937_README","","","OPEN","","Imported from legacy scan"
"LEG-090","C:\Projects\MindLab_Starter_Project\__FREEZE_PHASE7_FINAL_20260107_163914_README.txt","__FREEZE_PHASE7_FINAL_20260107_163914_README","","","OPEN","","Imported from legacy scan"
"LEG-091","C:\Projects\MindLab_Starter_Project\_BASELINE_BACKEND_20260103_102610\puzzles\_legacy\puzzles.json","puzzles","KC7","","OPEN","","Imported from legacy scan"
"LEG-092","C:\Projects\MindLab_Starter_Project\_BASELINE_BACKEND_20260103_102610\puzzles\_legacy\README.md","README","KC7","","OPEN","","Imported from legacy scan"
"LEG-093","C:\Projects\MindLab_Starter_Project\_BASELINE_BACKEND_PHASE2_20260103_131246\puzzles\_legacy\puzzles.json","puzzles","KC7","","OPEN","","Imported from legacy scan"
"LEG-094","C:\Projects\MindLab_Starter_Project\_BASELINE_BACKEND_PHASE2_20260103_131246\puzzles\_legacy\README.md","README","KC7","","OPEN","","Imported from legacy scan"
"LEG-095","C:\Projects\MindLab_Starter_Project\_BASELINE_BACKEND_PHASE3_20260103_133742\puzzles\_legacy\puzzles.json","puzzles","KC7","","OPEN","","Imported from legacy scan"
"LEG-096","C:\Projects\MindLab_Starter_Project\_BASELINE_BACKEND_PHASE3_20260103_133742\puzzles\_legacy\README.md","README","KC7","","OPEN","","Imported from legacy scan"
"LEG-097","C:\Projects\MindLab_Starter_Project\_BASELINE_BACKEND_PHASE4_20260103_135829\puzzles\_legacy\puzzles.json","puzzles","KC7","","OPEN","","Imported from legacy scan"
"LEG-098","C:\Projects\MindLab_Starter_Project\_BASELINE_BACKEND_PHASE4_20260103_135829\puzzles\_legacy\README.md","README","KC7","","OPEN","","Imported from legacy scan"
"LEG-099","C:\Projects\MindLab_Starter_Project\_BASELINE_FRONTEND_20260103_102610\_legacy_js_backup_20251208\api.js","api","","","OPEN","","Imported from legacy scan"
"LEG-100","C:\Projects\MindLab_Starter_Project\_BASELINE_FRONTEND_20260103_102610\_legacy_js_backup_20251208\App.backup.js","App.backup","","","OPEN","","Imported from legacy scan"
"LEG-101","C:\Projects\MindLab_Starter_Project\_BASELINE_FRONTEND_20260103_102610\_legacy_js_backup_20251208\App.js","App","","","OPEN","","Imported from legacy scan"
"LEG-102","C:\Projects\MindLab_Starter_Project\_BASELINE_FRONTEND_20260103_102610\_legacy_js_backup_20251208\auth.js","auth","","","OPEN","","Imported from legacy scan"
"LEG-103","C:\Projects\MindLab_Starter_Project\_BASELINE_FRONTEND_20260103_102610\_legacy_js_backup_20251208\dailyChallengeApi.js","dailyChallengeApi","","","OPEN","","Imported from legacy scan"
"LEG-104","C:\Projects\MindLab_Starter_Project\_BASELINE_FRONTEND_20260103_102610\_legacy_js_backup_20251208\DailyChallengeDetailPage.js","DailyChallengeDetailPage","","","OPEN","","Imported from legacy scan"
"LEG-105","C:\Projects\MindLab_Starter_Project\_BASELINE_FRONTEND_20260103_102610\_legacy_js_backup_20251208\DailyChallengeHomeCard.js","DailyChallengeHomeCard","","","OPEN","","Imported from legacy scan"
"LEG-106","C:\Projects\MindLab_Starter_Project\_BASELINE_FRONTEND_20260103_102610\_legacy_js_backup_20251208\ErrorBanner.js","ErrorBanner","","","OPEN","","Imported from legacy scan"
"LEG-107","C:\Projects\MindLab_Starter_Project\_BASELINE_FRONTEND_20260103_102610\_legacy_js_backup_20251208\ErrorBoundary.js","ErrorBoundary","","","OPEN","","Imported from legacy scan"
"LEG-108","C:\Projects\MindLab_Starter_Project\_BASELINE_FRONTEND_20260103_102610\_legacy_js_backup_20251208\GamePanel.js","GamePanel","","","OPEN","","Imported from legacy scan"
"LEG-109","C:\Projects\MindLab_Starter_Project\_BASELINE_FRONTEND_20260103_102610\_legacy_js_backup_20251208\HealthPanel.js","HealthPanel","","","OPEN","","Imported from legacy scan"
"LEG-110","C:\Projects\MindLab_Starter_Project\_BASELINE_FRONTEND_20260103_102610\_legacy_js_backup_20251208\main.js","main","","","OPEN","","Imported from legacy scan"
"LEG-111","C:\Projects\MindLab_Starter_Project\_BASELINE_FRONTEND_20260103_102610\_legacy_js_backup_20251208\models.js","models","","","OPEN","","Imported from legacy scan"
"LEG-112","C:\Projects\MindLab_Starter_Project\_BASELINE_FRONTEND_20260103_102610\_legacy_js_backup_20251208\ProgressPanel.js","ProgressPanel","","","OPEN","","Imported from legacy scan"
"LEG-113","C:\Projects\MindLab_Starter_Project\_BASELINE_FRONTEND_20260103_102610\_legacy_js_backup_20251208\ResultBanner.js","ResultBanner","","","OPEN","","Imported from legacy scan"
"LEG-114","C:\Projects\MindLab_Starter_Project\_BASELINE_FRONTEND_PHASE2_20260103_131246\_legacy_js_backup_20251208\api.js","api","","","OPEN","","Imported from legacy scan"
"LEG-115","C:\Projects\MindLab_Starter_Project\_BASELINE_FRONTEND_PHASE2_20260103_131246\_legacy_js_backup_20251208\App.backup.js","App.backup","","","OPEN","","Imported from legacy scan"
"LEG-116","C:\Projects\MindLab_Starter_Project\_BASELINE_FRONTEND_PHASE2_20260103_131246\_legacy_js_backup_20251208\App.js","App","","","OPEN","","Imported from legacy scan"
"LEG-117","C:\Projects\MindLab_Starter_Project\_BASELINE_FRONTEND_PHASE2_20260103_131246\_legacy_js_backup_20251208\auth.js","auth","","","OPEN","","Imported from legacy scan"
"LEG-118","C:\Projects\MindLab_Starter_Project\_BASELINE_FRONTEND_PHASE2_20260103_131246\_legacy_js_backup_20251208\dailyChallengeApi.js","dailyChallengeApi","","","OPEN","","Imported from legacy scan"
"LEG-119","C:\Projects\MindLab_Starter_Project\_BASELINE_FRONTEND_PHASE2_20260103_131246\_legacy_js_backup_20251208\DailyChallengeDetailPage.js","DailyChallengeDetailPage","","","OPEN","","Imported from legacy scan"
"LEG-120","C:\Projects\MindLab_Starter_Project\_BASELINE_FRONTEND_PHASE2_20260103_131246\_legacy_js_backup_20251208\DailyChallengeHomeCard.js","DailyChallengeHomeCard","","","OPEN","","Imported from legacy scan"
"LEG-121","C:\Projects\MindLab_Starter_Project\_BASELINE_FRONTEND_PHASE2_20260103_131246\_legacy_js_backup_20251208\ErrorBanner.js","ErrorBanner","","","OPEN","","Imported from legacy scan"
"LEG-122","C:\Projects\MindLab_Starter_Project\_BASELINE_FRONTEND_PHASE2_20260103_131246\_legacy_js_backup_20251208\ErrorBoundary.js","ErrorBoundary","","","OPEN","","Imported from legacy scan"
"LEG-123","C:\Projects\MindLab_Starter_Project\_BASELINE_FRONTEND_PHASE2_20260103_131246\_legacy_js_backup_20251208\GamePanel.js","GamePanel","","","OPEN","","Imported from legacy scan"
"LEG-124","C:\Projects\MindLab_Starter_Project\_BASELINE_FRONTEND_PHASE2_20260103_131246\_legacy_js_backup_20251208\HealthPanel.js","HealthPanel","","","OPEN","","Imported from legacy scan"
"LEG-125","C:\Projects\MindLab_Starter_Project\_BASELINE_FRONTEND_PHASE2_20260103_131246\_legacy_js_backup_20251208\main.js","main","","","OPEN","","Imported from legacy scan"
"LEG-126","C:\Projects\MindLab_Starter_Project\_BASELINE_FRONTEND_PHASE2_20260103_131246\_legacy_js_backup_20251208\models.js","models","","","OPEN","","Imported from legacy scan"
"LEG-127","C:\Projects\MindLab_Starter_Project\_BASELINE_FRONTEND_PHASE2_20260103_131246\_legacy_js_backup_20251208\ProgressPanel.js","ProgressPanel","","","OPEN","","Imported from legacy scan"
"LEG-128","C:\Projects\MindLab_Starter_Project\_BASELINE_FRONTEND_PHASE2_20260103_131246\_legacy_js_backup_20251208\ResultBanner.js","ResultBanner","","","OPEN","","Imported from legacy scan"
"LEG-129","C:\Projects\MindLab_Starter_Project\_BASELINE_FRONTEND_PHASE3_20260103_133742\_legacy_js_backup_20251208\api.js","api","","","OPEN","","Imported from legacy scan"
"LEG-130","C:\Projects\MindLab_Starter_Project\_BASELINE_FRONTEND_PHASE3_20260103_133742\_legacy_js_backup_20251208\App.backup.js","App.backup","","","OPEN","","Imported from legacy scan"
"LEG-131","C:\Projects\MindLab_Starter_Project\_BASELINE_FRONTEND_PHASE3_20260103_133742\_legacy_js_backup_20251208\App.js","App","","","OPEN","","Imported from legacy scan"
"LEG-132","C:\Projects\MindLab_Starter_Project\_BASELINE_FRONTEND_PHASE3_20260103_133742\_legacy_js_backup_20251208\auth.js","auth","","","OPEN","","Imported from legacy scan"
"LEG-133","C:\Projects\MindLab_Starter_Project\_BASELINE_FRONTEND_PHASE3_20260103_133742\_legacy_js_backup_20251208\dailyChallengeApi.js","dailyChallengeApi","","","OPEN","","Imported from legacy scan"
"LEG-134","C:\Projects\MindLab_Starter_Project\_BASELINE_FRONTEND_PHASE3_20260103_133742\_legacy_js_backup_20251208\DailyChallengeDetailPage.js","DailyChallengeDetailPage","","","OPEN","","Imported from legacy scan"
"LEG-135","C:\Projects\MindLab_Starter_Project\_BASELINE_FRONTEND_PHASE3_20260103_133742\_legacy_js_backup_20251208\DailyChallengeHomeCard.js","DailyChallengeHomeCard","","","OPEN","","Imported from legacy scan"
"LEG-136","C:\Projects\MindLab_Starter_Project\_BASELINE_FRONTEND_PHASE3_20260103_133742\_legacy_js_backup_20251208\ErrorBanner.js","ErrorBanner","","","OPEN","","Imported from legacy scan"
"LEG-137","C:\Projects\MindLab_Starter_Project\_BASELINE_FRONTEND_PHASE3_20260103_133742\_legacy_js_backup_20251208\ErrorBoundary.js","ErrorBoundary","","","OPEN","","Imported from legacy scan"
"LEG-138","C:\Projects\MindLab_Starter_Project\_BASELINE_FRONTEND_PHASE3_20260103_133742\_legacy_js_backup_20251208\GamePanel.js","GamePanel","","","OPEN","","Imported from legacy scan"
"LEG-139","C:\Projects\MindLab_Starter_Project\_BASELINE_FRONTEND_PHASE3_20260103_133742\_legacy_js_backup_20251208\HealthPanel.js","HealthPanel","","","OPEN","","Imported from legacy scan"
"LEG-140","C:\Projects\MindLab_Starter_Project\_BASELINE_FRONTEND_PHASE3_20260103_133742\_legacy_js_backup_20251208\main.js","main","","","OPEN","","Imported from legacy scan"
"LEG-141","C:\Projects\MindLab_Starter_Project\_BASELINE_FRONTEND_PHASE3_20260103_133742\_legacy_js_backup_20251208\models.js","models","","","OPEN","","Imported from legacy scan"
"LEG-142","C:\Projects\MindLab_Starter_Project\_BASELINE_FRONTEND_PHASE3_20260103_133742\_legacy_js_backup_20251208\ProgressPanel.js","ProgressPanel","","","OPEN","","Imported from legacy scan"
"LEG-143","C:\Projects\MindLab_Starter_Project\_BASELINE_FRONTEND_PHASE3_20260103_133742\_legacy_js_backup_20251208\ResultBanner.js","ResultBanner","","","OPEN","","Imported from legacy scan"
"LEG-144","C:\Projects\MindLab_Starter_Project\_BASELINE_FRONTEND_PHASE4_20260103_135829\_legacy_js_backup_20251208\api.js","api","","","OPEN","","Imported from legacy scan"
"LEG-145","C:\Projects\MindLab_Starter_Project\_BASELINE_FRONTEND_PHASE4_20260103_135829\_legacy_js_backup_20251208\App.backup.js","App.backup","","","OPEN","","Imported from legacy scan"
"LEG-146","C:\Projects\MindLab_Starter_Project\_BASELINE_FRONTEND_PHASE4_20260103_135829\_legacy_js_backup_20251208\App.js","App","","","OPEN","","Imported from legacy scan"
"LEG-147","C:\Projects\MindLab_Starter_Project\_BASELINE_FRONTEND_PHASE4_20260103_135829\_legacy_js_backup_20251208\auth.js","auth","","","OPEN","","Imported from legacy scan"
"LEG-148","C:\Projects\MindLab_Starter_Project\_BASELINE_FRONTEND_PHASE4_20260103_135829\_legacy_js_backup_20251208\dailyChallengeApi.js","dailyChallengeApi","","","OPEN","","Imported from legacy scan"
"LEG-149","C:\Projects\MindLab_Starter_Project\_BASELINE_FRONTEND_PHASE4_20260103_135829\_legacy_js_backup_20251208\DailyChallengeDetailPage.js","DailyChallengeDetailPage","","","OPEN","","Imported from legacy scan"
"LEG-150","C:\Projects\MindLab_Starter_Project\_BASELINE_FRONTEND_PHASE4_20260103_135829\_legacy_js_backup_20251208\DailyChallengeHomeCard.js","DailyChallengeHomeCard","","","OPEN","","Imported from legacy scan"
"LEG-151","C:\Projects\MindLab_Starter_Project\_BASELINE_FRONTEND_PHASE4_20260103_135829\_legacy_js_backup_20251208\ErrorBanner.js","ErrorBanner","","","OPEN","","Imported from legacy scan"
"LEG-152","C:\Projects\MindLab_Starter_Project\_BASELINE_FRONTEND_PHASE4_20260103_135829\_legacy_js_backup_20251208\ErrorBoundary.js","ErrorBoundary","","","OPEN","","Imported from legacy scan"
"LEG-153","C:\Projects\MindLab_Starter_Project\_BASELINE_FRONTEND_PHASE4_20260103_135829\_legacy_js_backup_20251208\GamePanel.js","GamePanel","","","OPEN","","Imported from legacy scan"
"LEG-154","C:\Projects\MindLab_Starter_Project\_BASELINE_FRONTEND_PHASE4_20260103_135829\_legacy_js_backup_20251208\HealthPanel.js","HealthPanel","","","OPEN","","Imported from legacy scan"
"LEG-155","C:\Projects\MindLab_Starter_Project\_BASELINE_FRONTEND_PHASE4_20260103_135829\_legacy_js_backup_20251208\main.js","main","","","OPEN","","Imported from legacy scan"
"LEG-156","C:\Projects\MindLab_Starter_Project\_BASELINE_FRONTEND_PHASE4_20260103_135829\_legacy_js_backup_20251208\models.js","models","","","OPEN","","Imported from legacy scan"
"LEG-157","C:\Projects\MindLab_Starter_Project\_BASELINE_FRONTEND_PHASE4_20260103_135829\_legacy_js_backup_20251208\ProgressPanel.js","ProgressPanel","","","OPEN","","Imported from legacy scan"
"LEG-158","C:\Projects\MindLab_Starter_Project\_BASELINE_FRONTEND_PHASE4_20260103_135829\_legacy_js_backup_20251208\ResultBanner.js","ResultBanner","","","OPEN","","Imported from legacy scan"
"LEG-159","C:\Projects\MindLab_Starter_Project\_snapshots\phase2_complete_20251224_144242\backend_src\puzzles\_legacy\puzzles.json","puzzles","KC7","","OPEN","","Imported from legacy scan"
"LEG-160","C:\Projects\MindLab_Starter_Project\_snapshots\phase2_complete_20251224_144242\backend_src\puzzles\_legacy\README.md","README","KC7","","OPEN","","Imported from legacy scan"
"LEG-161","C:\Projects\MindLab_Starter_Project\_snapshots\phase2_complete_20251224_144242\frontend_src\_legacy_js_backup_20251208\api.js","api","","","OPEN","","Imported from legacy scan"
"LEG-162","C:\Projects\MindLab_Starter_Project\_snapshots\phase2_complete_20251224_144242\frontend_src\_legacy_js_backup_20251208\App.backup.js","App.backup","","","OPEN","","Imported from legacy scan"
"LEG-163","C:\Projects\MindLab_Starter_Project\_snapshots\phase2_complete_20251224_144242\frontend_src\_legacy_js_backup_20251208\App.js","App","","","OPEN","","Imported from legacy scan"
"LEG-164","C:\Projects\MindLab_Starter_Project\_snapshots\phase2_complete_20251224_144242\frontend_src\_legacy_js_backup_20251208\auth.js","auth","","","OPEN","","Imported from legacy scan"
"LEG-165","C:\Projects\MindLab_Starter_Project\_snapshots\phase2_complete_20251224_144242\frontend_src\_legacy_js_backup_20251208\dailyChallengeApi.js","dailyChallengeApi","","","OPEN","","Imported from legacy scan"
"LEG-166","C:\Projects\MindLab_Starter_Project\_snapshots\phase2_complete_20251224_144242\frontend_src\_legacy_js_backup_20251208\DailyChallengeDetailPage.js","DailyChallengeDetailPage","","","OPEN","","Imported from legacy scan"
"LEG-167","C:\Projects\MindLab_Starter_Project\_snapshots\phase2_complete_20251224_144242\frontend_src\_legacy_js_backup_20251208\DailyChallengeHomeCard.js","DailyChallengeHomeCard","","","OPEN","","Imported from legacy scan"
"LEG-168","C:\Projects\MindLab_Starter_Project\_snapshots\phase2_complete_20251224_144242\frontend_src\_legacy_js_backup_20251208\ErrorBanner.js","ErrorBanner","","","OPEN","","Imported from legacy scan"
"LEG-169","C:\Projects\MindLab_Starter_Project\_snapshots\phase2_complete_20251224_144242\frontend_src\_legacy_js_backup_20251208\ErrorBoundary.js","ErrorBoundary","","","OPEN","","Imported from legacy scan"
"LEG-170","C:\Projects\MindLab_Starter_Project\_snapshots\phase2_complete_20251224_144242\frontend_src\_legacy_js_backup_20251208\GamePanel.js","GamePanel","","","OPEN","","Imported from legacy scan"
"LEG-171","C:\Projects\MindLab_Starter_Project\_snapshots\phase2_complete_20251224_144242\frontend_src\_legacy_js_backup_20251208\HealthPanel.js","HealthPanel","","","OPEN","","Imported from legacy scan"
"LEG-172","C:\Projects\MindLab_Starter_Project\_snapshots\phase2_complete_20251224_144242\frontend_src\_legacy_js_backup_20251208\main.js","main","","","OPEN","","Imported from legacy scan"
"LEG-173","C:\Projects\MindLab_Starter_Project\_snapshots\phase2_complete_20251224_144242\frontend_src\_legacy_js_backup_20251208\models.js","models","","","OPEN","","Imported from legacy scan"
"LEG-174","C:\Projects\MindLab_Starter_Project\_snapshots\phase2_complete_20251224_144242\frontend_src\_legacy_js_backup_20251208\ProgressPanel.js","ProgressPanel","","","OPEN","","Imported from legacy scan"
"LEG-175","C:\Projects\MindLab_Starter_Project\_snapshots\phase2_complete_20251224_144242\frontend_src\_legacy_js_backup_20251208\ResultBanner.js","ResultBanner","","","OPEN","","Imported from legacy scan"
"LEG-176","C:\Projects\MindLab_Starter_Project\Action Items\Midlab Project Actions items files\April 2026\Result reviews\phase18_live_frontend_probe.txt","phase18_live_frontend_probe","","","OPEN","","Imported from legacy scan"
"LEG-177","C:\Projects\MindLab_Starter_Project\ARCHIVE_DUPLICATES_2025-12-27\ARCHIVE_LOG_2025-12-27.txt","ARCHIVE_LOG_2025-12-27","","","OPEN","","Imported from legacy scan"
"LEG-178","C:\Projects\MindLab_Starter_Project\backend\src\puzzles\_legacy\puzzles.json","puzzles","KC7","","OPEN","","Imported from legacy scan"
"LEG-179","C:\Projects\MindLab_Starter_Project\backend\src\puzzles\_legacy\README.md","README","KC7","","OPEN","","Imported from legacy scan"
"LEG-180","C:\Projects\MindLab_Starter_Project\backups\baseline_snapshots\baseline_20251214_115859\frontend\src\_legacy_js_backup_20251208\api.js","api","","","OPEN","","Imported from legacy scan"
"LEG-181","C:\Projects\MindLab_Starter_Project\backups\baseline_snapshots\baseline_20251214_115859\frontend\src\_legacy_js_backup_20251208\App.backup.js","App.backup","","","OPEN","","Imported from legacy scan"
"LEG-182","C:\Projects\MindLab_Starter_Project\backups\baseline_snapshots\baseline_20251214_115859\frontend\src\_legacy_js_backup_20251208\App.js","App","","","OPEN","","Imported from legacy scan"
"LEG-183","C:\Projects\MindLab_Starter_Project\backups\baseline_snapshots\baseline_20251214_115859\frontend\src\_legacy_js_backup_20251208\auth.js","auth","","","OPEN","","Imported from legacy scan"
"LEG-184","C:\Projects\MindLab_Starter_Project\backups\baseline_snapshots\baseline_20251214_115859\frontend\src\_legacy_js_backup_20251208\dailyChallengeApi.js","dailyChallengeApi","","","OPEN","","Imported from legacy scan"
"LEG-185","C:\Projects\MindLab_Starter_Project\backups\baseline_snapshots\baseline_20251214_115859\frontend\src\_legacy_js_backup_20251208\DailyChallengeDetailPage.js","DailyChallengeDetailPage","","","OPEN","","Imported from legacy scan"
"LEG-186","C:\Projects\MindLab_Starter_Project\backups\baseline_snapshots\baseline_20251214_115859\frontend\src\_legacy_js_backup_20251208\DailyChallengeHomeCard.js","DailyChallengeHomeCard","","","OPEN","","Imported from legacy scan"
"LEG-187","C:\Projects\MindLab_Starter_Project\backups\baseline_snapshots\baseline_20251214_115859\frontend\src\_legacy_js_backup_20251208\ErrorBanner.js","ErrorBanner","","","OPEN","","Imported from legacy scan"
"LEG-188","C:\Projects\MindLab_Starter_Project\backups\baseline_snapshots\baseline_20251214_115859\frontend\src\_legacy_js_backup_20251208\ErrorBoundary.js","ErrorBoundary","","","OPEN","","Imported from legacy scan"
"LEG-189","C:\Projects\MindLab_Starter_Project\backups\baseline_snapshots\baseline_20251214_115859\frontend\src\_legacy_js_backup_20251208\GamePanel.js","GamePanel","","","OPEN","","Imported from legacy scan"
"LEG-190","C:\Projects\MindLab_Starter_Project\backups\baseline_snapshots\baseline_20251214_115859\frontend\src\_legacy_js_backup_20251208\HealthPanel.js","HealthPanel","","","OPEN","","Imported from legacy scan"
"LEG-191","C:\Projects\MindLab_Starter_Project\backups\baseline_snapshots\baseline_20251214_115859\frontend\src\_legacy_js_backup_20251208\main.js","main","","","OPEN","","Imported from legacy scan"
"LEG-192","C:\Projects\MindLab_Starter_Project\backups\baseline_snapshots\baseline_20251214_115859\frontend\src\_legacy_js_backup_20251208\models.js","models","","","OPEN","","Imported from legacy scan"
"LEG-193","C:\Projects\MindLab_Starter_Project\backups\baseline_snapshots\baseline_20251214_115859\frontend\src\_legacy_js_backup_20251208\ProgressPanel.js","ProgressPanel","","","OPEN","","Imported from legacy scan"
"LEG-194","C:\Projects\MindLab_Starter_Project\backups\baseline_snapshots\baseline_20251214_115859\frontend\src\_legacy_js_backup_20251208\ResultBanner.js","ResultBanner","","","OPEN","","Imported from legacy scan"
"LEG-195","C:\Projects\MindLab_Starter_Project\backups\baseline_snapshots\baseline_20251214_115859\hashes_sha256.txt","hashes_sha256","","","OPEN","","Imported from legacy scan"
"LEG-196","C:\Projects\MindLab_Starter_Project\backups\PHASE2_STEP2_manual_20251221_100326\backend_src\puzzles\_legacy\puzzles.json","puzzles","KC7","","OPEN","","Imported from legacy scan"
"LEG-197","C:\Projects\MindLab_Starter_Project\backups\PHASE2_STEP2_manual_20251221_100326\backend_src\puzzles\_legacy\README.md","README","KC7","","OPEN","","Imported from legacy scan"
"LEG-198","C:\Projects\MindLab_Starter_Project\backups\PHASE2_STEP2_manual_20251221_100326\frontend_src\_legacy_js_backup_20251208\api.js","api","","","OPEN","","Imported from legacy scan"
"LEG-199","C:\Projects\MindLab_Starter_Project\backups\PHASE2_STEP2_manual_20251221_100326\frontend_src\_legacy_js_backup_20251208\App.backup.js","App.backup","","","OPEN","","Imported from legacy scan"
"LEG-200","C:\Projects\MindLab_Starter_Project\backups\PHASE2_STEP2_manual_20251221_100326\frontend_src\_legacy_js_backup_20251208\App.js","App","","","OPEN","","Imported from legacy scan"
"LEG-201","C:\Projects\MindLab_Starter_Project\backups\PHASE2_STEP2_manual_20251221_100326\frontend_src\_legacy_js_backup_20251208\auth.js","auth","","","OPEN","","Imported from legacy scan"
"LEG-202","C:\Projects\MindLab_Starter_Project\backups\PHASE2_STEP2_manual_20251221_100326\frontend_src\_legacy_js_backup_20251208\dailyChallengeApi.js","dailyChallengeApi","","","OPEN","","Imported from legacy scan"
"LEG-203","C:\Projects\MindLab_Starter_Project\backups\PHASE2_STEP2_manual_20251221_100326\frontend_src\_legacy_js_backup_20251208\DailyChallengeDetailPage.js","DailyChallengeDetailPage","","","OPEN","","Imported from legacy scan"
"LEG-204","C:\Projects\MindLab_Starter_Project\backups\PHASE2_STEP2_manual_20251221_100326\frontend_src\_legacy_js_backup_20251208\DailyChallengeHomeCard.js","DailyChallengeHomeCard","","","OPEN","","Imported from legacy scan"
"LEG-205","C:\Projects\MindLab_Starter_Project\backups\PHASE2_STEP2_manual_20251221_100326\frontend_src\_legacy_js_backup_20251208\ErrorBanner.js","ErrorBanner","","","OPEN","","Imported from legacy scan"
"LEG-206","C:\Projects\MindLab_Starter_Project\backups\PHASE2_STEP2_manual_20251221_100326\frontend_src\_legacy_js_backup_20251208\ErrorBoundary.js","ErrorBoundary","","","OPEN","","Imported from legacy scan"
"LEG-207","C:\Projects\MindLab_Starter_Project\backups\PHASE2_STEP2_manual_20251221_100326\frontend_src\_legacy_js_backup_20251208\GamePanel.js","GamePanel","","","OPEN","","Imported from legacy scan"
"LEG-208","C:\Projects\MindLab_Starter_Project\backups\PHASE2_STEP2_manual_20251221_100326\frontend_src\_legacy_js_backup_20251208\HealthPanel.js","HealthPanel","","","OPEN","","Imported from legacy scan"
"LEG-209","C:\Projects\MindLab_Starter_Project\backups\PHASE2_STEP2_manual_20251221_100326\frontend_src\_legacy_js_backup_20251208\main.js","main","","","OPEN","","Imported from legacy scan"
"LEG-210","C:\Projects\MindLab_Starter_Project\backups\PHASE2_STEP2_manual_20251221_100326\frontend_src\_legacy_js_backup_20251208\models.js","models","","","OPEN","","Imported from legacy scan"
"LEG-211","C:\Projects\MindLab_Starter_Project\backups\PHASE2_STEP2_manual_20251221_100326\frontend_src\_legacy_js_backup_20251208\ProgressPanel.js","ProgressPanel","","","OPEN","","Imported from legacy scan"
"LEG-212","C:\Projects\MindLab_Starter_Project\backups\PHASE2_STEP2_manual_20251221_100326\frontend_src\_legacy_js_backup_20251208\ResultBanner.js","ResultBanner","","","OPEN","","Imported from legacy scan"
"LEG-213","C:\Projects\MindLab_Starter_Project\daily_closeout_docs\baseline_snapshot_20251230_191629.txt","baseline_snapshot_20251230_191629","","","OPEN","","Imported from legacy scan"
"LEG-214","C:\Projects\MindLab_Starter_Project\daily_closeout_docs\change_log_20251230_185448.txt","change_log_20251230_185448","","","OPEN","","Imported from legacy scan"
"LEG-215","C:\Projects\MindLab_Starter_Project\daily_closeout_docs\checkpoint_20251231_102644.txt","checkpoint_20251231_102644","","","OPEN","","Imported from legacy scan"
"LEG-216","C:\Projects\MindLab_Starter_Project\daily_closeout_docs\checkpoint_STEP4_1B_20251230_195513.txt","checkpoint_STEP4_1B_20251230_195513","","","OPEN","","Imported from legacy scan"
"LEG-217","C:\Projects\MindLab_Starter_Project\daily_closeout_docs\DAY_CLOSEOUT__2026-01-03.txt","DAY_CLOSEOUT__2026-01-03","","","OPEN","","Imported from legacy scan"
"LEG-218","C:\Projects\MindLab_Starter_Project\daily_closeout_docs\DAY_CLOSEOUT__2026-01-03_PHASE4.txt","DAY_CLOSEOUT__2026-01-03_PHASE4","","","OPEN","","Imported from legacy scan"
"LEG-219","C:\Projects\MindLab_Starter_Project\daily_closeout_docs\DAY_CLOSEOUT_2026-01-03.txt","DAY_CLOSEOUT_2026-01-03","","","OPEN","","Imported from legacy scan"
"LEG-220","C:\Projects\MindLab_Starter_Project\daily_closeout_docs\Duplicate_Scan_Actionable_2025-12-27.txt","Duplicate_Scan_Actionable_2025-12-27","","","OPEN","","Imported from legacy scan"
"LEG-221","C:\Projects\MindLab_Starter_Project\daily_closeout_docs\Duplicate_Scan_Result_2025-12-27.txt","Duplicate_Scan_Result_2025-12-27","","","OPEN","","Imported from legacy scan"
"LEG-222","C:\Projects\MindLab_Starter_Project\daily_closeout_docs\Duplicate_Scan_Result_2025-12-27_LiveOnly_NoNodeModules.txt","Duplicate_Scan_Result_2025-12-27_LiveOnly_NoNodeModules","","","OPEN","","Imported from legacy scan"
"LEG-223","C:\Projects\MindLab_Starter_Project\daily_closeout_docs\Duplicate_Scan_Result_2025-12-28_LiveOnly_NoNodeModules.txt","Duplicate_Scan_Result_2025-12-28_LiveOnly_NoNodeModules","","","OPEN","","Imported from legacy scan"
"LEG-224","C:\Projects\MindLab_Starter_Project\daily_closeout_docs\healthcheck_20251230_185118.txt","healthcheck_20251230_185118","","","OPEN","","Imported from legacy scan"
"LEG-225","C:\Projects\MindLab_Starter_Project\daily_closeout_docs\IN_USE_BACKEND_REFERENCES_2025-12-27.txt","IN_USE_BACKEND_REFERENCES_2025-12-27","","","OPEN","","Imported from legacy scan"
"LEG-226","C:\Projects\MindLab_Starter_Project\daily_closeout_docs\IN_USE_FRONTEND_REFERENCES_2025-12-27.txt","IN_USE_FRONTEND_REFERENCES_2025-12-27","","","OPEN","","Imported from legacy scan"
"LEG-227","C:\Projects\MindLab_Starter_Project\docs\DAILY_LOG_2025-12-18.md","DAILY_LOG_2025-12-18","","","OPEN","","Imported from legacy scan"
"LEG-228","C:\Projects\MindLab_Starter_Project\docs\deployment\mindlab_final_status_snapshot_2026-04-08.txt","mindlab_final_status_snapshot_2026-04-08","","","OPEN","","Imported from legacy scan"
"LEG-229","C:\Projects\MindLab_Starter_Project\docs\deployment\mindlab_release_notes_2026-04-05.md","mindlab_release_notes_2026-04-05","","","OPEN","","Imported from legacy scan"
"LEG-230","C:\Projects\MindLab_Starter_Project\docs\deployment\mindlab_tracker_reconciliation_prompt_2026-04-08.txt","mindlab_tracker_reconciliation_prompt_2026-04-08","","","OPEN","","Imported from legacy scan"
"LEG-231","C:\Projects\MindLab_Starter_Project\docs\deployment\phase13_entrypoint_report.txt","phase13_entrypoint_report","","","OPEN","","Imported from legacy scan"
"LEG-232","C:\Projects\MindLab_Starter_Project\docs\deployment\phase14_content_map.md","phase14_content_map","","","OPEN","","Imported from legacy scan"
"LEG-233","C:\Projects\MindLab_Starter_Project\docs\deployment\phase15_route_order_scan.txt","phase15_route_order_scan","KC2","","OPEN","","Imported from legacy scan"
"LEG-234","C:\Projects\MindLab_Starter_Project\docs\deployment\phase16_frontend_blank_page_diagnosis.txt","phase16_frontend_blank_page_diagnosis","","","OPEN","","Imported from legacy scan"
"LEG-235","C:\Projects\MindLab_Starter_Project\docs\deployment\phase18_backend_api_mismatch_probe.txt","phase18_backend_api_mismatch_probe","KC1","","OPEN","","Imported from legacy scan"
"LEG-236","C:\Projects\MindLab_Starter_Project\docs\qa\phase16_manual_qa_checklist.md","phase16_manual_qa_checklist","","","OPEN","","Imported from legacy scan"
"LEG-237","C:\Projects\MindLab_Starter_Project\docs\qa\phase16_test_log.md","phase16_test_log","","","OPEN","","Imported from legacy scan"
"LEG-238","C:\Projects\MindLab_Starter_Project\docs\scopes\mindlab_v2_admin_educator_scope_2026_03_25.md","mindlab_v2_admin_educator_scope_2026_03_25","","","OPEN","","Imported from legacy scan"
"LEG-239","C:\Projects\MindLab_Starter_Project\docs\scopes\mindlab_v2_analytics_deployment_scope_2026_03_25.md","mindlab_v2_analytics_deployment_scope_2026_03_25","","","OPEN","","Imported from legacy scan"
"LEG-240","C:\Projects\MindLab_Starter_Project\docs\scopes\mindlab_v2_cognitive_reports_scope_2026_03_23.md","mindlab_v2_cognitive_reports_scope_2026_03_23","","","OPEN","","Imported from legacy scan"
"LEG-241","C:\Projects\MindLab_Starter_Project\docs\scopes\mindlab_v2_core_cognitive_evolution_2026_03_23.md","mindlab_v2_core_cognitive_evolution_2026_03_23","","","OPEN","","Imported from legacy scan"
"LEG-242","C:\Projects\MindLab_Starter_Project\docs\scopes\mindlab_v2_final_handoff_scope_2026_03_25.md","mindlab_v2_final_handoff_scope_2026_03_25","","","OPEN","","Imported from legacy scan"
"LEG-243","C:\Projects\MindLab_Starter_Project\docs\scopes\mindlab_v2_frontend_integration_scope_2026_03_24.md","mindlab_v2_frontend_integration_scope_2026_03_24","","","OPEN","","Imported from legacy scan"
"LEG-244","C:\Projects\MindLab_Starter_Project\docs\scopes\mindlab_v2_persistence_api_scope_2026_03_24.md","mindlab_v2_persistence_api_scope_2026_03_24","","","OPEN","","Imported from legacy scan"
"LEG-245","C:\Projects\MindLab_Starter_Project\docs\scopes\mindlab_v2_phase_a_checklist_2026_03_23.md","mindlab_v2_phase_a_checklist_2026_03_23","","","OPEN","","Imported from legacy scan"
"LEG-246","C:\Projects\MindLab_Starter_Project\docs\scopes\mindlab_v2_puzzle_generation_scope_2026_03_24.md","mindlab_v2_puzzle_generation_scope_2026_03_24","KC7","","OPEN","","Imported from legacy scan"
"LEG-247","C:\Projects\MindLab_Starter_Project\docs\scopes\mindlab_v2_release_candidate_scope_2026_03_25.md","mindlab_v2_release_candidate_scope_2026_03_25","","","OPEN","","Imported from legacy scan"
"LEG-248","C:\Projects\MindLab_Starter_Project\docs\scopes\mindlab_v2_ux_ui_scope_2026_03_24.md","mindlab_v2_ux_ui_scope_2026_03_24","","","OPEN","","Imported from legacy scan"
"LEG-249","C:\Projects\MindLab_Starter_Project\docs\warnings\MindLab_Warnings_2025-12-07_125957.txt","MindLab_Warnings_2025-12-07_125957","","","OPEN","","Imported from legacy scan"
"LEG-250","C:\Projects\MindLab_Starter_Project\docs\warnings\MindLab_Warnings_2025-12-07_130926.txt","MindLab_Warnings_2025-12-07_130926","","","OPEN","","Imported from legacy scan"
"LEG-251","C:\Projects\MindLab_Starter_Project\docs\warnings\MindLab_Warnings_2025-12-07_133435.txt","MindLab_Warnings_2025-12-07_133435","","","OPEN","","Imported from legacy scan"
"LEG-252","C:\Projects\MindLab_Starter_Project\frontend\backups\manual_edits\Daily_PATCH_BACKUP_20251213_111716_Daily.tsx","Daily_PATCH_BACKUP_20251213_111716_Daily","","","OPEN","","Imported from legacy scan"
"LEG-253","C:\Projects\MindLab_Starter_Project\frontend\backups\manual_edits\DailyChallengeDetailPage_PATCH_BACKUP_20251213_113423.tsx","DailyChallengeDetailPage_PATCH_BACKUP_20251213_113423","","","OPEN","","Imported from legacy scan"
"LEG-254","C:\Projects\MindLab_Starter_Project\frontend\backups\manual_edits\DailyChallengeDetailPage_SOLVEUI_BACKUP_20251213_123034.tsx","DailyChallengeDetailPage_SOLVEUI_BACKUP_20251213_123034","","","OPEN","","Imported from legacy scan"
"LEG-255","C:\Projects\MindLab_Starter_Project\frontend\package.before_mindlab_daily_ui_20251206.json","package.before_mindlab_daily_ui_20251206","","","OPEN","","Imported from legacy scan"
"LEG-256","C:\Projects\MindLab_Starter_Project\frontend\src\_legacy_js_backup_20251208\api.js","api","","","OPEN","","Imported from legacy scan"
"LEG-257","C:\Projects\MindLab_Starter_Project\frontend\src\_legacy_js_backup_20251208\App.backup.js","App.backup","","","OPEN","","Imported from legacy scan"
"LEG-258","C:\Projects\MindLab_Starter_Project\frontend\src\_legacy_js_backup_20251208\App.js","App","","","OPEN","","Imported from legacy scan"
"LEG-259","C:\Projects\MindLab_Starter_Project\frontend\src\_legacy_js_backup_20251208\auth.js","auth","","","OPEN","","Imported from legacy scan"
"LEG-260","C:\Projects\MindLab_Starter_Project\frontend\src\_legacy_js_backup_20251208\dailyChallengeApi.js","dailyChallengeApi","","","OPEN","","Imported from legacy scan"
"LEG-261","C:\Projects\MindLab_Starter_Project\frontend\src\_legacy_js_backup_20251208\DailyChallengeDetailPage.js","DailyChallengeDetailPage","","","OPEN","","Imported from legacy scan"
"LEG-262","C:\Projects\MindLab_Starter_Project\frontend\src\_legacy_js_backup_20251208\DailyChallengeHomeCard.js","DailyChallengeHomeCard","","","OPEN","","Imported from legacy scan"
"LEG-263","C:\Projects\MindLab_Starter_Project\frontend\src\_legacy_js_backup_20251208\ErrorBanner.js","ErrorBanner","","","OPEN","","Imported from legacy scan"
"LEG-264","C:\Projects\MindLab_Starter_Project\frontend\src\_legacy_js_backup_20251208\ErrorBoundary.js","ErrorBoundary","","","OPEN","","Imported from legacy scan"
"LEG-265","C:\Projects\MindLab_Starter_Project\frontend\src\_legacy_js_backup_20251208\GamePanel.js","GamePanel","","","OPEN","","Imported from legacy scan"
"LEG-266","C:\Projects\MindLab_Starter_Project\frontend\src\_legacy_js_backup_20251208\HealthPanel.js","HealthPanel","","","OPEN","","Imported from legacy scan"
"LEG-267","C:\Projects\MindLab_Starter_Project\frontend\src\_legacy_js_backup_20251208\main.js","main","","","OPEN","","Imported from legacy scan"
"LEG-268","C:\Projects\MindLab_Starter_Project\frontend\src\_legacy_js_backup_20251208\models.js","models","","","OPEN","","Imported from legacy scan"
"LEG-269","C:\Projects\MindLab_Starter_Project\frontend\src\_legacy_js_backup_20251208\ProgressPanel.js","ProgressPanel","","","OPEN","","Imported from legacy scan"
"LEG-270","C:\Projects\MindLab_Starter_Project\frontend\src\_legacy_js_backup_20251208\ResultBanner.js","ResultBanner","","","OPEN","","Imported from legacy scan"
"LEG-271","C:\Projects\MindLab_Starter_Project\frontend\src\ui\mindlab_kids_certified_puzzle_01.js","mindlab_kids_certified_puzzle_01","KC7","","OPEN","","Imported from legacy scan"
"LEG-272","C:\Projects\MindLab_Starter_Project\frontend\src\ui\mindlab_kids_certified_puzzle_02.js","mindlab_kids_certified_puzzle_02","KC7","","OPEN","","Imported from legacy scan"
"LEG-273","C:\Projects\MindLab_Starter_Project\frontend\src\ui\mindlab_kids_certified_puzzle_03.js","mindlab_kids_certified_puzzle_03","KC7","","OPEN","","Imported from legacy scan"
"LEG-274","C:\Projects\MindLab_Starter_Project\frontend\src\ui\mindlab_kids_certified_puzzle_04.js","mindlab_kids_certified_puzzle_04","KC7","","OPEN","","Imported from legacy scan"
"LEG-275","C:\Projects\MindLab_Starter_Project\frontend\src\ui\mindlab_kids_certified_puzzle_05.js","mindlab_kids_certified_puzzle_05","KC7","","OPEN","","Imported from legacy scan"
"LEG-276","C:\Projects\MindLab_Starter_Project\frontend\src\ui\mindlab_kids_certified_puzzle_06.js","mindlab_kids_certified_puzzle_06","KC7","","OPEN","","Imported from legacy scan"
"LEG-277","C:\Projects\MindLab_Starter_Project\frontend\src\ui\mindlab_kids_certified_puzzle_07.js","mindlab_kids_certified_puzzle_07","KC7","","OPEN","","Imported from legacy scan"
"LEG-278","C:\Projects\MindLab_Starter_Project\frontend\src\ui\mindlab_kids_certified_puzzle_08.js","mindlab_kids_certified_puzzle_08","KC7","","OPEN","","Imported from legacy scan"
"LEG-279","C:\Projects\MindLab_Starter_Project\frontend\src\ui\mindlab_kids_certified_puzzle_09.js","mindlab_kids_certified_puzzle_09","KC7","","OPEN","","Imported from legacy scan"
"LEG-280","C:\Projects\MindLab_Starter_Project\frontend\src\ui\mindlab_kids_certified_puzzle_10.js","mindlab_kids_certified_puzzle_10","KC7","","OPEN","","Imported from legacy scan"
"LEG-281","C:\Projects\MindLab_Starter_Project\frontend\src\ui\mindlab_kids_certified_puzzle_11.js","mindlab_kids_certified_puzzle_11","KC7","","OPEN","","Imported from legacy scan"
"LEG-282","C:\Projects\MindLab_Starter_Project\frontend\src\ui\mindlab_kids_certified_puzzle_12.js","mindlab_kids_certified_puzzle_12","KC7","","OPEN","","Imported from legacy scan"
"LEG-283","C:\Projects\MindLab_Starter_Project\frontend\src\ui\mindlab_kids_certified_puzzle_13.js","mindlab_kids_certified_puzzle_13","KC7","","OPEN","","Imported from legacy scan"
"LEG-284","C:\Projects\MindLab_Starter_Project\frontend\src\ui\mindlab_kids_certified_puzzle_14.js","mindlab_kids_certified_puzzle_14","KC7","","OPEN","","Imported from legacy scan"
"LEG-285","C:\Projects\MindLab_Starter_Project\frontend\src\ui\mindlab_kids_certified_puzzle_15.js","mindlab_kids_certified_puzzle_15","KC7","","OPEN","","Imported from legacy scan"
"LEG-286","C:\Projects\MindLab_Starter_Project\frontend\src\ui\mindlab_kids_certified_puzzle_16.js","mindlab_kids_certified_puzzle_16","KC7","","OPEN","","Imported from legacy scan"
"LEG-287","C:\Projects\MindLab_Starter_Project\frontend\src\ui\mindlab_kids_certified_puzzle_17.js","mindlab_kids_certified_puzzle_17","KC7","","OPEN","","Imported from legacy scan"
"LEG-288","C:\Projects\MindLab_Starter_Project\frontend\src\ui\mindlab_kids_certified_puzzle_18.js","mindlab_kids_certified_puzzle_18","KC7","","OPEN","","Imported from legacy scan"
"LEG-289","C:\Projects\MindLab_Starter_Project\frontend\src\ui\mindlab_kids_certified_puzzle_19.js","mindlab_kids_certified_puzzle_19","KC7","","OPEN","","Imported from legacy scan"
"LEG-290","C:\Projects\MindLab_Starter_Project\frontend\src\ui\mindlab_kids_certified_puzzle_20.js","mindlab_kids_certified_puzzle_20","KC7","","OPEN","","Imported from legacy scan"
"LEG-291","C:\Projects\MindLab_Starter_Project\frontend\src\ui\mindlab_kids_certified_puzzle_21.js","mindlab_kids_certified_puzzle_21","KC7","","OPEN","","Imported from legacy scan"
"LEG-292","C:\Projects\MindLab_Starter_Project\frontend\src\ui\mindlab_kids_certified_puzzle_22.js","mindlab_kids_certified_puzzle_22","KC7","","OPEN","","Imported from legacy scan"
"LEG-293","C:\Projects\MindLab_Starter_Project\frontend\src\ui\mindlab_kids_certified_puzzle_23.js","mindlab_kids_certified_puzzle_23","KC7","","OPEN","","Imported from legacy scan"
"LEG-294","C:\Projects\MindLab_Starter_Project\frontend\src\ui\mindlab_kids_certified_puzzle_24.js","mindlab_kids_certified_puzzle_24","KC7","","OPEN","","Imported from legacy scan"
"LEG-295","C:\Projects\MindLab_Starter_Project\frontend\src\ui\mindlab_kids_certified_puzzle_25.js","mindlab_kids_certified_puzzle_25","KC7","","OPEN","","Imported from legacy scan"
"LEG-296","C:\Projects\MindLab_Starter_Project\frontend\src\ui\mindlab_kids_puzzle_02.js","mindlab_kids_puzzle_02","KC7","","OPEN","","Imported from legacy scan"
"LEG-297","C:\Projects\MindLab_Starter_Project\frontend\src\ui\mindlab_kids_puzzle_03.js","mindlab_kids_puzzle_03","KC7","","OPEN","","Imported from legacy scan"
"LEG-298","C:\Projects\MindLab_Starter_Project\frontend\src\ui\mindlab_kids_puzzle_04.js","mindlab_kids_puzzle_04","KC7","","OPEN","","Imported from legacy scan"
"LEG-299","C:\Projects\MindLab_Starter_Project\frontend\src\ui\mindlab_kids_puzzle_05.js","mindlab_kids_puzzle_05","KC7","","OPEN","","Imported from legacy scan"
"LEG-300","C:\Projects\MindLab_Starter_Project\frontend\src\ui\mindlab_kids_puzzle_06.js","mindlab_kids_puzzle_06","KC7","","OPEN","","Imported from legacy scan"
"LEG-301","C:\Projects\MindLab_Starter_Project\frontend\src\ui\mindlab_kids_puzzle_07.js","mindlab_kids_puzzle_07","KC7","","OPEN","","Imported from legacy scan"
"LEG-302","C:\Projects\MindLab_Starter_Project\frontend\src\ui\mindlab_kids_puzzle_08.js","mindlab_kids_puzzle_08","KC7","","OPEN","","Imported from legacy scan"
"LEG-303","C:\Projects\MindLab_Starter_Project\frontend\src\ui\mindlab_kids_puzzle_09.js","mindlab_kids_puzzle_09","KC7","","OPEN","","Imported from legacy scan"
"LEG-304","C:\Projects\MindLab_Starter_Project\frontend\src\ui\mindlab_kids_puzzle_10.js","mindlab_kids_puzzle_10","KC7","","OPEN","","Imported from legacy scan"
"LEG-305","C:\Projects\MindLab_Starter_Project\frontend\src\ui\mindlab_kids_puzzle_11.js","mindlab_kids_puzzle_11","KC7","","OPEN","","Imported from legacy scan"
"LEG-306","C:\Projects\MindLab_Starter_Project\frontend\src\ui\mindlab_kids_puzzle_12.js","mindlab_kids_puzzle_12","KC7","","OPEN","","Imported from legacy scan"
"LEG-307","C:\Projects\MindLab_Starter_Project\frontend\src\ui\mindlab_kids_puzzle_13.js","mindlab_kids_puzzle_13","KC7","","OPEN","","Imported from legacy scan"
"LEG-308","C:\Projects\MindLab_Starter_Project\frontend\src\ui\mindlab_kids_puzzle_14.js","mindlab_kids_puzzle_14","KC7","","OPEN","","Imported from legacy scan"
"LEG-309","C:\Projects\MindLab_Starter_Project\frontend\src\ui\mindlab_kids_puzzle_15.js","mindlab_kids_puzzle_15","KC7","","OPEN","","Imported from legacy scan"
"LEG-310","C:\Projects\MindLab_Starter_Project\frontend\src\ui\mindlab_kids_puzzle_16.js","mindlab_kids_puzzle_16","KC7","","OPEN","","Imported from legacy scan"
"LEG-311","C:\Projects\MindLab_Starter_Project\frontend\src\ui\mindlab_kids_puzzle_17.js","mindlab_kids_puzzle_17","KC7","","OPEN","","Imported from legacy scan"
"LEG-312","C:\Projects\MindLab_Starter_Project\frontend\src\ui\mindlab_kids_puzzle_18.js","mindlab_kids_puzzle_18","KC7","","OPEN","","Imported from legacy scan"
"LEG-313","C:\Projects\MindLab_Starter_Project\frontend\src\ui\mindlab_kids_puzzle_19.js","mindlab_kids_puzzle_19","KC7","","OPEN","","Imported from legacy scan"
"LEG-314","C:\Projects\MindLab_Starter_Project\frontend\src\ui\mindlab_kids_puzzle_20.js","mindlab_kids_puzzle_20","KC7","","OPEN","","Imported from legacy scan"
"LEG-315","C:\Projects\MindLab_Starter_Project\frontend\src\ui\mindlab_kids_puzzle_21.js","mindlab_kids_puzzle_21","KC7","","OPEN","","Imported from legacy scan"
"LEG-316","C:\Projects\MindLab_Starter_Project\frontend\src\ui\mindlab_kids_puzzle_22.js","mindlab_kids_puzzle_22","KC7","","OPEN","","Imported from legacy scan"
"LEG-317","C:\Projects\MindLab_Starter_Project\frontend\src\ui\mindlab_kids_puzzle_23.js","mindlab_kids_puzzle_23","KC7","","OPEN","","Imported from legacy scan"
"LEG-318","C:\Projects\MindLab_Starter_Project\frontend\src\ui\mindlab_kids_puzzle_24.js","mindlab_kids_puzzle_24","KC7","","OPEN","","Imported from legacy scan"
"LEG-319","C:\Projects\MindLab_Starter_Project\frontend\src\ui\mindlab_kids_puzzle_25.js","mindlab_kids_puzzle_25","KC7","","OPEN","","Imported from legacy scan"
"LEG-320","C:\Projects\MindLab_Starter_Project\frontend\src\ui\mindlab_kids_puzzle_26.js","mindlab_kids_puzzle_26","KC7","","OPEN","","Imported from legacy scan"
"LEG-321","C:\Projects\MindLab_Starter_Project\frontend\src\ui\mindlab_kids_puzzle_27.js","mindlab_kids_puzzle_27","KC7","","OPEN","","Imported from legacy scan"
"LEG-322","C:\Projects\MindLab_Starter_Project\frontend\src\ui\mindlab_kids_puzzle_28.js","mindlab_kids_puzzle_28","KC7","","OPEN","","Imported from legacy scan"
"LEG-323","C:\Projects\MindLab_Starter_Project\frontend\src\ui\mindlab_kids_puzzle_29.js","mindlab_kids_puzzle_29","KC7","","OPEN","","Imported from legacy scan"
"LEG-324","C:\Projects\MindLab_Starter_Project\frontend\src\ui\mindlab_kids_puzzle_30.js","mindlab_kids_puzzle_30","KC7","","OPEN","","Imported from legacy scan"
"LEG-325","C:\Projects\MindLab_Starter_Project\frontend\src\ui\mindlab_kids_puzzle_31.js","mindlab_kids_puzzle_31","KC7","","OPEN","","Imported from legacy scan"
"LEG-326","C:\Projects\MindLab_Starter_Project\frontend\src\ui\mindlab_kids_puzzle_32.js","mindlab_kids_puzzle_32","KC7","","OPEN","","Imported from legacy scan"
"LEG-327","C:\Projects\MindLab_Starter_Project\frontend\src\ui\mindlab_kids_puzzle_33.js","mindlab_kids_puzzle_33","KC7","","OPEN","","Imported from legacy scan"
"LEG-328","C:\Projects\MindLab_Starter_Project\frontend\src\ui\mindlab_kids_puzzle_34.js","mindlab_kids_puzzle_34","KC7","","OPEN","","Imported from legacy scan"
"LEG-329","C:\Projects\MindLab_Starter_Project\frontend\src\ui\mindlab_kids_puzzle_35.js","mindlab_kids_puzzle_35","KC7","","OPEN","","Imported from legacy scan"
"LEG-330","C:\Projects\MindLab_Starter_Project\frontend\src\ui\mindlab_kids_puzzle_36.js","mindlab_kids_puzzle_36","KC7","","OPEN","","Imported from legacy scan"
"LEG-331","C:\Projects\MindLab_Starter_Project\frontend\src\ui\mindlab_kids_puzzle_37.js","mindlab_kids_puzzle_37","KC7","","OPEN","","Imported from legacy scan"
"LEG-332","C:\Projects\MindLab_Starter_Project\frontend\src\ui\mindlab_kids_puzzle_38.js","mindlab_kids_puzzle_38","KC7","","OPEN","","Imported from legacy scan"
"LEG-333","C:\Projects\MindLab_Starter_Project\frontend\src\ui\mindlab_kids_puzzle_39.js","mindlab_kids_puzzle_39","KC7","","OPEN","","Imported from legacy scan"
"LEG-334","C:\Projects\MindLab_Starter_Project\frontend\src\ui\mindlab_kids_puzzle_40.js","mindlab_kids_puzzle_40","KC7","","OPEN","","Imported from legacy scan"
"LEG-335","C:\Projects\MindLab_Starter_Project\frontend\src\ui\mindlab_kids_puzzle_41.js","mindlab_kids_puzzle_41","KC7","","OPEN","","Imported from legacy scan"
"LEG-336","C:\Projects\MindLab_Starter_Project\frontend\src\ui\mindlab_kids_puzzle_42.js","mindlab_kids_puzzle_42","KC7","","OPEN","","Imported from legacy scan"
"LEG-337","C:\Projects\MindLab_Starter_Project\frontend\src\ui\mindlab_kids_puzzle_43.js","mindlab_kids_puzzle_43","KC7","","OPEN","","Imported from legacy scan"
"LEG-338","C:\Projects\MindLab_Starter_Project\frontend\src\ui\mindlab_kids_puzzle_44.js","mindlab_kids_puzzle_44","KC7","","OPEN","","Imported from legacy scan"
"LEG-339","C:\Projects\MindLab_Starter_Project\frontend\src\ui\mindlab_kids_puzzle_45.js","mindlab_kids_puzzle_45","KC7","","OPEN","","Imported from legacy scan"
"LEG-340","C:\Projects\MindLab_Starter_Project\frontend\src\ui\mindlab_kids_puzzle_46.js","mindlab_kids_puzzle_46","KC7","","OPEN","","Imported from legacy scan"
"LEG-341","C:\Projects\MindLab_Starter_Project\frontend\src\ui\mindlab_kids_puzzle_47.js","mindlab_kids_puzzle_47","KC7","","OPEN","","Imported from legacy scan"
"LEG-342","C:\Projects\MindLab_Starter_Project\frontend\src\ui\mindlab_kids_puzzle_48.js","mindlab_kids_puzzle_48","KC7","","OPEN","","Imported from legacy scan"
"LEG-343","C:\Projects\MindLab_Starter_Project\frontend\src\ui\mindlab_kids_puzzle_49.js","mindlab_kids_puzzle_49","KC7","","OPEN","","Imported from legacy scan"
"LEG-344","C:\Projects\MindLab_Starter_Project\frontend\src\ui\mindlab_kids_puzzle_50.js","mindlab_kids_puzzle_50","KC7","","OPEN","","Imported from legacy scan"
"LEG-345","C:\Projects\MindLab_Starter_Project\frontend\src\ui\mindlab_kids_puzzle_51.js","mindlab_kids_puzzle_51","KC7","","OPEN","","Imported from legacy scan"
"LEG-346","C:\Projects\MindLab_Starter_Project\frontend\src\ui\mindlab_kids_puzzle_52.js","mindlab_kids_puzzle_52","KC7","","OPEN","","Imported from legacy scan"
"LEG-347","C:\Projects\MindLab_Starter_Project\frontend\src\ui\mindlab_kids_puzzle_53.js","mindlab_kids_puzzle_53","KC7","","OPEN","","Imported from legacy scan"
"LEG-348","C:\Projects\MindLab_Starter_Project\frontend\src\ui\mindlab_kids_puzzle_54.js","mindlab_kids_puzzle_54","KC7","","OPEN","","Imported from legacy scan"
"LEG-349","C:\Projects\MindLab_Starter_Project\frontend\src\ui\mindlab_kids_puzzle_55.js","mindlab_kids_puzzle_55","KC7","","OPEN","","Imported from legacy scan"
"LEG-350","C:\Projects\MindLab_Starter_Project\frontend\tests\e2e\backups\mindlab-daily-ui.spec.ts.before_20251201_202342.ts","mindlab-daily-ui.spec.ts.before_20251201_202342","","","OPEN","","Imported from legacy scan"
"LEG-351","C:\Projects\MindLab_Starter_Project\frontend\tests\e2e\backups\mindlab-daily-ui.spec.ts.before_20251201_204445.ts","mindlab-daily-ui.spec.ts.before_20251201_204445","","","OPEN","","Imported from legacy scan"
"LEG-352","C:\Projects\MindLab_Starter_Project\frontend\tests\e2e\backups\mindlab-daily-ui.spec.ts.before_20251205_165031.ts","mindlab-daily-ui.spec.ts.before_20251205_165031","","","OPEN","","Imported from legacy scan"
"LEG-353","C:\Projects\MindLab_Starter_Project\frontend\tests\e2e\backups\mindlab-daily-ui.spec.ts.before_20251205_211746.ts","mindlab-daily-ui.spec.ts.before_20251205_211746","","","OPEN","","Imported from legacy scan"
"LEG-354","C:\Projects\MindLab_Starter_Project\MindLab_Game_Feature_Backlog_2025-11-28.txt","MindLab_Game_Feature_Backlog_2025-11-28","","","OPEN","","Imported from legacy scan"
"LEG-355","C:\Projects\MindLab_Starter_Project\release_archive\2026-03-19\phase12_completion_marker.txt","phase12_completion_marker","","","OPEN","","Imported from legacy scan"
"LEG-356","C:\Projects\MindLab_Starter_Project\release_archive\2026-03-19\phase12_post_success_validation.txt","phase12_post_success_validation","","","OPEN","","Imported from legacy scan"
"LEG-357","C:\Projects\MindLab_Starter_Project\release_archive\2026-03-19\phase13_closure_record.txt","phase13_closure_record","","","OPEN","","Imported from legacy scan"
"LEG-358","C:\Projects\MindLab_Starter_Project\release_archive\2026-03-19\phase13_completion_manifest.txt","phase13_completion_manifest","","","OPEN","","Imported from legacy scan"
"LEG-359","C:\Projects\MindLab_Starter_Project\release_archive\2026-03-19\phase13_foundation_manifest.txt","phase13_foundation_manifest","","","OPEN","","Imported from legacy scan"
"LEG-360","C:\Projects\MindLab_Starter_Project\release_archive\2026-03-19\phase13_handoff_checklist.txt","phase13_handoff_checklist","","","OPEN","","Imported from legacy scan"
"LEG-361","C:\Projects\MindLab_Starter_Project\release_archive\2026-03-19\phase13_implementation_manifest.txt","phase13_implementation_manifest","","","OPEN","","Imported from legacy scan"
"LEG-362","C:\Projects\MindLab_Starter_Project\release_archive\2026-03-19\phase13_integration_manifest.txt","phase13_integration_manifest","","","OPEN","","Imported from legacy scan"
"LEG-363","C:\Projects\MindLab_Starter_Project\release_archive\2026-03-19\phase13_prep_checklist.txt","phase13_prep_checklist","","","OPEN","","Imported from legacy scan"
"LEG-364","C:\Projects\MindLab_Starter_Project\release_archive\2026-03-19\phase14_closure_record.txt","phase14_closure_record","","","OPEN","","Imported from legacy scan"
"LEG-365","C:\Projects\MindLab_Starter_Project\release_archive\2026-03-19\phase14_foundation_manifest.txt","phase14_foundation_manifest","","","OPEN","","Imported from legacy scan"
"LEG-366","C:\Projects\MindLab_Starter_Project\release_archive\2026-03-19\phase14_handoff_checklist.txt","phase14_handoff_checklist","","","OPEN","","Imported from legacy scan"
"LEG-367","C:\Projects\MindLab_Starter_Project\release_archive\2026-03-19\phase14_implementation_manifest.txt","phase14_implementation_manifest","","","OPEN","","Imported from legacy scan"
"LEG-368","C:\Projects\MindLab_Starter_Project\release_archive\2026-03-19\phase14_integration_manifest.txt","phase14_integration_manifest","","","OPEN","","Imported from legacy scan"
"LEG-369","C:\Projects\MindLab_Starter_Project\release_archive\2026-03-19\phase14_prep_checklist.txt","phase14_prep_checklist","","","OPEN","","Imported from legacy scan"
"LEG-370","C:\Projects\MindLab_Starter_Project\release_archive\2026-03-19\phase15_foundation_manifest.txt","phase15_foundation_manifest","","","OPEN","","Imported from legacy scan"
"LEG-371","C:\Projects\MindLab_Starter_Project\release_archive\2026-03-19\phase15_prep_checklist.txt","phase15_prep_checklist","","","OPEN","","Imported from legacy scan"
"LEG-372","C:\Projects\MindLab_Starter_Project\release_archive\2026-03-20\phase15_closure_record.txt","phase15_closure_record","","","OPEN","","Imported from legacy scan"
"LEG-373","C:\Projects\MindLab_Starter_Project\release_archive\2026-03-20\phase15_handoff_checklist.txt","phase15_handoff_checklist","","","OPEN","","Imported from legacy scan"
"LEG-374","C:\Projects\MindLab_Starter_Project\release_archive\2026-03-20\phase15_implementation_manifest.txt","phase15_implementation_manifest","","","OPEN","","Imported from legacy scan"
"LEG-375","C:\Projects\MindLab_Starter_Project\release_archive\2026-03-20\phase15_integration_manifest.txt","phase15_integration_manifest","","","OPEN","","Imported from legacy scan"
"LEG-376","C:\Projects\MindLab_Starter_Project\release_archive\2026-03-20\phase16_closure_record.txt","phase16_closure_record","","","OPEN","","Imported from legacy scan"
"LEG-377","C:\Projects\MindLab_Starter_Project\release_archive\2026-03-20\phase16_foundation_manifest.txt","phase16_foundation_manifest","","","OPEN","","Imported from legacy scan"
"LEG-378","C:\Projects\MindLab_Starter_Project\release_archive\2026-03-20\phase16_handoff_checklist.txt","phase16_handoff_checklist","","","OPEN","","Imported from legacy scan"
"LEG-379","C:\Projects\MindLab_Starter_Project\release_archive\2026-03-20\phase16_implementation_manifest.txt","phase16_implementation_manifest","","","OPEN","","Imported from legacy scan"
"LEG-380","C:\Projects\MindLab_Starter_Project\release_archive\2026-03-20\phase16_integration_manifest.txt","phase16_integration_manifest","","","OPEN","","Imported from legacy scan"
"LEG-381","C:\Projects\MindLab_Starter_Project\release_archive\2026-03-20\phase16_prep_checklist.txt","phase16_prep_checklist","","","OPEN","","Imported from legacy scan"
"LEG-382","C:\Projects\MindLab_Starter_Project\release_archive\2026-03-20\phase17_closure_record.txt","phase17_closure_record","","","OPEN","","Imported from legacy scan"
"LEG-383","C:\Projects\MindLab_Starter_Project\release_archive\2026-03-20\phase17_foundation_manifest.txt","phase17_foundation_manifest","","","OPEN","","Imported from legacy scan"
"LEG-384","C:\Projects\MindLab_Starter_Project\release_archive\2026-03-20\phase17_handoff_checklist.txt","phase17_handoff_checklist","","","OPEN","","Imported from legacy scan"
"LEG-385","C:\Projects\MindLab_Starter_Project\release_archive\2026-03-20\phase17_implementation_manifest.txt","phase17_implementation_manifest","","","OPEN","","Imported from legacy scan"
"LEG-386","C:\Projects\MindLab_Starter_Project\release_archive\2026-03-20\phase17_integration_manifest.txt","phase17_integration_manifest","","","OPEN","","Imported from legacy scan"
"LEG-387","C:\Projects\MindLab_Starter_Project\release_archive\2026-03-20\phase17_prep_checklist.txt","phase17_prep_checklist","","","OPEN","","Imported from legacy scan"
"LEG-388","C:\Projects\MindLab_Starter_Project\release_archive\2026-03-20\phase18_prep_checklist.txt","phase18_prep_checklist","","","OPEN","","Imported from legacy scan"
"LEG-389","C:\Projects\MindLab_Starter_Project\release_archive\2026-03-21\phase18_closure_record.txt","phase18_closure_record","","","OPEN","","Imported from legacy scan"
"LEG-390","C:\Projects\MindLab_Starter_Project\release_archive\2026-03-21\phase18_foundation_manifest.txt","phase18_foundation_manifest","","","OPEN","","Imported from legacy scan"
"LEG-391","C:\Projects\MindLab_Starter_Project\release_archive\2026-03-21\phase18_handoff_checklist.txt","phase18_handoff_checklist","","","OPEN","","Imported from legacy scan"
"LEG-392","C:\Projects\MindLab_Starter_Project\release_archive\2026-03-21\phase18_implementation_manifest.txt","phase18_implementation_manifest","","","OPEN","","Imported from legacy scan"
"LEG-393","C:\Projects\MindLab_Starter_Project\release_archive\2026-03-21\phase18_integration_manifest.txt","phase18_integration_manifest","","","OPEN","","Imported from legacy scan"
"LEG-394","C:\Projects\MindLab_Starter_Project\reports\ARCHIVE_DUPLICATES_20251225_110527.txt","ARCHIVE_DUPLICATES_20251225_110527","","","OPEN","","Imported from legacy scan"
"LEG-395","C:\Projects\MindLab_Starter_Project\reports\ARCHIVE_DUPLICATES_20251225_110605.txt","ARCHIVE_DUPLICATES_20251225_110605","","","OPEN","","Imported from legacy scan"
"LEG-396","C:\Projects\MindLab_Starter_Project\reports\ARCHIVE_DUPLICATES_20251226_115448.txt","ARCHIVE_DUPLICATES_20251226_115448","","","OPEN","","Imported from legacy scan"
"LEG-397","C:\Projects\MindLab_Starter_Project\reports\DAY_CLOSE_inventory_20251225_105449.txt","DAY_CLOSE_inventory_20251225_105449","","","OPEN","","Imported from legacy scan"
