"Sequence","WorkItem","ReviewBucket","SourcePath","Status","NextAction"
"1","game_workstream_transition_tracker_2026-04-22.csv","TRACKER","C:\Projects\MindLab_Starter_Project\docs\planning\kids_certified\00_control\apply_gate_rollup_2026-04-13\game_workstream_transition_tracker_2026-04-22.csv","COMPLETED","NONE"
"2","tracker_manual_exact_path_intake.csv","TRACKER","C:\Projects\MindLab_Starter_Project\docs\planning\kids_certified\00_control\tracker_refresh_2026-04-12\tracker_manual_exact_path_intake.csv","COMPLETED","NONE"
"3","tracker_remaining_unresolved_exact_paths.csv","TRACKER","C:\Projects\MindLab_Starter_Project\docs\planning\kids_certified\00_control\tracker_refresh_2026-04-12\tracker_remaining_unresolved_exact_paths.csv","COMPLETED","NONE"
"4","tracker_apply_readiness_rollup.csv","TRACKER","C:\Projects\MindLab_Starter_Project\docs\planning\kids_certified\00_control\tracker_refresh_2026-04-12\tracker_apply_readiness_rollup.csv","COMPLETED","NONE"
"5","tracker_exact_path_resolution.csv","TRACKER","C:\Projects\MindLab_Starter_Project\docs\planning\kids_certified\00_control\tracker_refresh_2026-04-12\tracker_exact_path_resolution.csv","COMPLETED","NONE"
"6","kids_governance_tracker_blockers.csv","TRACKER","C:\Projects\MindLab_Starter_Project\docs\planning\kids_certified\00_control\apply_gate_rollup_2026-04-13\kids_governance_tracker_blockers.csv","COMPLETED","NONE"
"7","tracker_exact_path_verification_queue.csv","TRACKER","C:\Projects\MindLab_Starter_Project\docs\planning\kids_certified\00_control\tracker_refresh_2026-04-12\tracker_exact_path_verification_queue.csv","COMPLETED","NONE"
"8","03_RoadmapFacingSourceDocs_authoritative_exact_path.txt","ROADMAP","C:\Projects\MindLab_Starter_Project\docs\planning\kids_certified\00_control\apply_gate_rollup_2026-04-13\kids_exact_path_authoritative_refs_2026-04-17\03_RoadmapFacingSourceDocs_authoritative_exact_path.txt","COMPLETED","NONE"
"9","tracker_final_unresolved_blockers.csv","TRACKER","C:\Projects\MindLab_Starter_Project\docs\planning\kids_certified\00_control\tracker_refresh_2026-04-12\tracker_final_unresolved_blockers.csv","COMPLETED","NONE"
"10","tracker_fallback_auto_resolution_audit.csv","TRACKER","C:\Projects\MindLab_Starter_Project\docs\planning\kids_certified\00_control\tracker_refresh_2026-04-12\tracker_fallback_auto_resolution_audit.csv","COMPLETED","NONE"
"11","tracker_unresolved_candidate_paths.csv","TRACKER","C:\Projects\MindLab_Starter_Project\docs\planning\kids_certified\00_control\tracker_refresh_2026-04-12\tracker_unresolved_candidate_paths.csv","COMPLETED","NONE"
"12","tracker_unresolved_exact_paths.csv","TRACKER","C:\Projects\MindLab_Starter_Project\docs\planning\kids_certified\00_control\tracker_refresh_2026-04-12\tracker_unresolved_exact_paths.csv","COMPLETED","NONE"
"13","tracker_deep_exact_path_matches.csv","TRACKER","C:\Projects\MindLab_Starter_Project\docs\planning\kids_certified\00_control\tracker_refresh_2026-04-12\tracker_deep_exact_path_matches.csv","COMPLETED","NONE"
"14","tracker_manual_exact_path_selection.csv","TRACKER","C:\Projects\MindLab_Starter_Project\docs\planning\kids_certified\00_control\tracker_refresh_2026-04-12\tracker_manual_exact_path_selection.csv","COMPLETED","NONE"
"15","tracker_exact_path_suggestions.csv","TRACKER","C:\Projects\MindLab_Starter_Project\docs\planning\kids_certified\00_control\tracker_refresh_2026-04-12\tracker_exact_path_suggestions.csv","COMPLETED","NONE"
"16","tracker_no_match_blockers.csv","TRACKER","C:\Projects\MindLab_Starter_Project\docs\planning\kids_certified\00_control\tracker_refresh_2026-04-12\tracker_no_match_blockers.csv","COMPLETED","NONE"
"17","tracker_broader_exact_path_scan.csv","TRACKER","C:\Projects\MindLab_Starter_Project\docs\planning\kids_certified\00_control\tracker_refresh_2026-04-12\tracker_broader_exact_path_scan.csv","COMPLETED","NONE"
"18","tracker_exact_path_scan_execution_log.csv","TRACKER","C:\Projects\MindLab_Starter_Project\docs\planning\kids_certified\00_control\tracker_refresh_2026-04-12\tracker_exact_path_scan_execution_log.csv","READY","PROMOTE_TO_ACTIVE_REVIEW"
"19","tracker_exact_path_candidate_scan.csv","TRACKER","C:\Projects\MindLab_Starter_Project\docs\planning\kids_certified\00_control\tracker_refresh_2026-04-12\tracker_exact_path_candidate_scan.csv","PENDING_REVIEW","OPEN_AND_COMPARE"
"20","kids_snapshot_archive_task_template.csv","TASKING","C:\Projects\MindLab_Starter_Project\docs\planning\kids_certified\00_control\apply_gate_rollup_2026-04-13\kids_snapshot_archive_task_template.csv","PENDING_REVIEW","OPEN_AND_COMPARE"
"21","tracker_selected_path_fill_template.csv","TRACKER","C:\Projects\MindLab_Starter_Project\docs\planning\kids_certified\00_control\tracker_refresh_2026-04-12\tracker_selected_path_fill_template.csv","PENDING_REVIEW","OPEN_AND_COMPARE"
"22","tracker_snapshot_task_queue.csv","TRACKER","C:\Projects\MindLab_Starter_Project\docs\planning\kids_certified\00_control\tracker_refresh_2026-04-12\tracker_snapshot_task_queue.csv","PENDING_REVIEW","OPEN_AND_COMPARE"
"23","tracker_selected_target_population.csv","TRACKER","C:\Projects\MindLab_Starter_Project\docs\planning\kids_certified\00_control\tracker_refresh_2026-04-12\tracker_selected_target_population.csv","PENDING_REVIEW","OPEN_AND_COMPARE"
"24","tracker_apply_precheck.csv","TRACKER","C:\Projects\MindLab_Starter_Project\docs\planning\kids_certified\00_control\tracker_refresh_2026-04-12\tracker_apply_precheck.csv","PENDING_REVIEW","OPEN_AND_COMPARE"
"25","tracker_selected_target_manifest.csv","TRACKER","C:\Projects\MindLab_Starter_Project\docs\planning\kids_certified\00_control\tracker_refresh_2026-04-12\tracker_selected_target_manifest.csv","PENDING_REVIEW","OPEN_AND_COMPARE"
"26","tracker_shortlist_decision_log.csv","TRACKER","C:\Projects\MindLab_Starter_Project\docs\planning\kids_certified\00_control\tracker_refresh_2026-04-12\tracker_shortlist_decision_log.csv","PENDING_REVIEW","OPEN_AND_COMPARE"
"27","tracker_snapshot_execution_queue.csv","TRACKER","C:\Projects\MindLab_Starter_Project\docs\planning\kids_certified\00_control\tracker_refresh_2026-04-12\tracker_snapshot_execution_queue.csv","PENDING_REVIEW","OPEN_AND_COMPARE"
"28","tracker_target_shortlist.csv","TRACKER","C:\Projects\MindLab_Starter_Project\docs\planning\kids_certified\00_control\tracker_refresh_2026-04-12\tracker_target_shortlist.csv","PENDING_REVIEW","OPEN_AND_COMPARE"
"29","tracker_target_discovery.csv","TRACKER","C:\Projects\MindLab_Starter_Project\docs\planning\kids_certified\00_control\tracker_refresh_2026-04-12\tracker_target_discovery.csv","PENDING_REVIEW","OPEN_AND_COMPARE"
"30","tracker_target_population_status.csv","TRACKER","C:\Projects\MindLab_Starter_Project\docs\planning\kids_certified\00_control\tracker_refresh_2026-04-12\tracker_target_population_status.csv","PENDING_REVIEW","OPEN_AND_COMPARE"
"31","tracker_source_snapshot_log.csv","TRACKER","C:\Projects\MindLab_Starter_Project\docs\planning\kids_certified\00_control\tracker_refresh_2026-04-12\tracker_source_snapshot_log.csv","PENDING_REVIEW","OPEN_AND_COMPARE"
"32","tracker_source_update_register.csv","TRACKER","C:\Projects\MindLab_Starter_Project\docs\planning\kids_certified\00_control\tracker_refresh_2026-04-12\tracker_source_update_register.csv","PENDING_REVIEW","OPEN_AND_COMPARE"
"33","tracker_apply_readiness_validation.csv","TRACKER","C:\Projects\MindLab_Starter_Project\docs\planning\kids_certified\00_control\tracker_refresh_2026-04-12\tracker_apply_readiness_validation.csv","PENDING_REVIEW","OPEN_AND_COMPARE"
"34","tracker_apply_gate.txt","TRACKER","C:\Projects\MindLab_Starter_Project\docs\planning\kids_certified\00_control\tracker_refresh_2026-04-12\tracker_apply_gate.txt","PENDING_REVIEW","OPEN_AND_COMPARE"
"35","tracker_refresh_apply_status.csv","TRACKER","C:\Projects\MindLab_Starter_Project\docs\planning\kids_certified\00_control\tracker_refresh_2026-04-12\tracker_refresh_apply_status.csv","PENDING_REVIEW","OPEN_AND_COMPARE"
"36","tracker_refresh_target_map.csv","TRACKER","C:\Projects\MindLab_Starter_Project\docs\planning\kids_certified\00_control\tracker_refresh_2026-04-12\tracker_refresh_target_map.csv","PENDING_REVIEW","OPEN_AND_COMPARE"
"37","tracker_refresh_execution_queue.csv","TRACKER","C:\Projects\MindLab_Starter_Project\docs\planning\kids_certified\00_control\tracker_refresh_2026-04-12\tracker_refresh_execution_queue.csv","PENDING_REVIEW","OPEN_AND_COMPARE"
"38","tracker_refresh_change_log.csv","TRACKER","C:\Projects\MindLab_Starter_Project\docs\planning\kids_certified\00_control\tracker_refresh_2026-04-12\tracker_refresh_change_log.csv","PENDING_REVIEW","OPEN_AND_COMPARE"
"39","tracker_refresh_manifest.txt","TRACKER","C:\Projects\MindLab_Starter_Project\docs\planning\kids_certified\00_control\tracker_refresh_2026-04-12\tracker_refresh_manifest.txt","PENDING_REVIEW","OPEN_AND_COMPARE"
"40","tracker_refresh_checklist.txt","TRACKER","C:\Projects\MindLab_Starter_Project\docs\planning\kids_certified\00_control\tracker_refresh_2026-04-12\tracker_refresh_checklist.txt","PENDING_REVIEW","OPEN_AND_COMPARE"
"41","tracker_refresh_status_snapshot.txt","TRACKER","C:\Projects\MindLab_Starter_Project\docs\planning\kids_certified\00_control\tracker_refresh_2026-04-12\tracker_refresh_status_snapshot.txt","PENDING_REVIEW","OPEN_AND_COMPARE"
