"RoadmapId","Phase","Goal","Status","RequiredBeforeImplementation","Output"
"KID-ROAD-001","Foundation","Protect completed Adults work and verify Kids discovery evidence","COMPLETE","YES","Discovery and gap audit verified"
"KID-ROAD-002","Kids design","Define age-appropriate Kids session modes and child-safe copy rules","READY_NEXT","YES","Kids age-appropriate design matrix"
"KID-ROAD-003","Kids gameplay","Create structured Kids gameplay content model","PENDING","YES","Kids gameplay content model and seed plan"
"KID-ROAD-004","Kids scoring","Create Kids scoring, mastery, hint, and encouragement rules","PENDING","YES","Kids scoring and mastery rules"
"KID-ROAD-005","Kids persistence","Define Kids-only storage and profile isolation rules","PENDING","YES","Kids storage and profile schema"
"KID-ROAD-006","Kids source patch planning","Create patch plan only after roadmap and design values exist","PENDING","YES","Kids source patch plan"
"KID-ROAD-007","Kids implementation","Patch Kids route, session modes, gameplay, scoring, insight, and persistence safely","PENDING","NO","Kids source implementation"
"KID-ROAD-008","Kids validation","Run build smoke, route smoke, manual smoke, and regression checks","PENDING","NO","Kids QA evidence"
"KID-ROAD-009","Kids closure","Seal Kids enhancement completion and open next gate","PENDING","NO","Kids completion seal"
