"Key","Value","ManualUpdateNeeded"
"PATCH_COMPLETED","K-EXP-PATCH-004","NO"
"KIDS_INSIGHTS_FILE","C:\Projects\MindLab_Starter_Project\frontend\src\features\kids\kidsPostSessionInsights.ts","NO"
"FIELDS_ADDED","categoryName|masteryLabel|exceptionalLevel|recoverySuggestion|childSafeProgressNote","NO"
"BACKWARD_FIELDS_PRESERVED","title|summary|celebration|practiceFocus|nextStep","NO"
"BUILD_COMMAND","npm run build","NO"
"BUILD_STATUS","PASS","NO"
"STATIC_FAIL_COUNT","0","NO"
"OVERALL_STATUS","PASS","NO"
"NEXT_ACTION","IMPLEMENT_KIDS_EXPANSION_ADAPTIVE_GAMEPLAY_PANEL","NO"
